[{"model": "contenttypes.contenttype", "pk": 1, "fields": {"app_label": "admin", "model": "logentry"}}, {"model": "contenttypes.contenttype", "pk": 2, "fields": {"app_label": "auth", "model": "permission"}}, {"model": "contenttypes.contenttype", "pk": 3, "fields": {"app_label": "auth", "model": "user"}}, {"model": "contenttypes.contenttype", "pk": 4, "fields": {"app_label": "auth", "model": "group"}}, {"model": "contenttypes.contenttype", "pk": 5, "fields": {"app_label": "contenttypes", "model": "contenttype"}}, {"model": "contenttypes.contenttype", "pk": 6, "fields": {"app_label": "sessions", "model": "session"}}, {"model": "contenttypes.contenttype", "pk": 7, "fields": {"app_label": "planner", "model": "school_option"}}, {"model": "contenttypes.contenttype", "pk": 8, "fields": {"app_label": "planner", "model": "major_option"}}, {"model": "contenttypes.contenttype", "pk": 11, "fields": {"app_label": "planner", "model": "courses"}}, {"model": "contenttypes.contenttype", "pk": 12, "fields": {"app_label": "planner", "model": "department"}}, {"model": "contenttypes.contenttype", "pk": 14, "fields": {"app_label": "planner", "model": "pre_req"}}, {"model": "contenttypes.contenttype", "pk": 15, "fields": {"app_label": "planner", "model": "schedules"}}, {"model": "contenttypes.contenttype", "pk": 18, "fields": {"app_label": "planner", "model": "degree_req"}}, {"model": "contenttypes.contenttype", "pk": 19, "fields": {"app_label": "planner", "model": "profile"}}, {"model": "contenttypes.contenttype", "pk": 20, "fields": {"app_label": "planner", "model": "free_elective"}}, {"model": "sessions.session", "pk": "49hw0wc79jioxiugwdrwci6lpsi6kf23", "fields": {"session_data": "OTc3MmU3NDIzNDAwMzg4ODdkYzY3NzE1ZWY2NGY2ZDYwODczZDI4Njp7Il9hdXRoX3VzZXJfaGFzaCI6ImI4YzgzOTlmZjE2NDc5OTY0ZWFjNGUzNjJkYzRjOTczZTg3MWRlYjEiLCJfYXV0aF91c2VyX2JhY2tlbmQiOiJkamFuZ28uY29udHJpYi5hdXRoLmJhY2tlbmRzLk1vZGVsQmFja2VuZCIsIl9hdXRoX3VzZXJfaWQiOiIxNyJ9", "expire_date": "2016-10-24T20:37:37.008Z"}}, {"model": "sessions.session", "pk": "6bwjv6h95vww8hnv10okz4wlob7w5g6g", "fields": {"session_data": "YjJhNDQzMTA1OTM1MTE1NzYwY2FmMTgwM2Q0Y2NkMDQyMzY2Y2NhMjp7Il9hdXRoX3VzZXJfaGFzaCI6ImM2ZjZkNzQzNTJhZTFiZGE5MDk3ZTJiOWQzOGM1YThlMWE5NmFjOTYiLCJfYXV0aF91c2VyX2JhY2tlbmQiOiJkamFuZ28uY29udHJpYi5hdXRoLmJhY2tlbmRzLk1vZGVsQmFja2VuZCIsIl9hdXRoX3VzZXJfaWQiOiI0OSJ9", "expire_date": "2016-12-16T11:23:10.671Z"}}, {"model": "sessions.session", "pk": "7e549uk83zx66k2rm1fmsr7hpoe65mcd", "fields": {"session_data": "OTBiN2MyNzEwMmFjZjc1NzM0MGE0YzZiNzcxNmRhNWZjNzU2MjFmYzp7Il9hdXRoX3VzZXJfaGFzaCI6IjdiZGNkMzgyM2YwMWZhYmZhMTg5ZGE4MTJlYTY2YmI0NzQwMGVlYWUiLCJfYXV0aF91c2VyX2JhY2tlbmQiOiJkamFuZ28uY29udHJpYi5hdXRoLmJhY2tlbmRzLk1vZGVsQmFja2VuZCIsIl9hdXRoX3VzZXJfaWQiOiIxIn0=", "expire_date": "2016-11-30T22:27:33.997Z"}}, {"model": "sessions.session", "pk": "bcnlska93580r3r5xgrknotgivhqor8r", "fields": {"session_data": "NDcxMDVlZGZjYmMwZTI4MTYwZGExMzc3NGRlZGJjNDEwZmI1YWZmMTp7Il9hdXRoX3VzZXJfaGFzaCI6IjU3Nzc3NmEzZDRiYjA5MzRiNDcxMDNjY2JlMzA3OTk5OGM5ZmJiMmQiLCJfYXV0aF91c2VyX2JhY2tlbmQiOiJkamFuZ28uY29udHJpYi5hdXRoLmJhY2tlbmRzLk1vZGVsQmFja2VuZCIsIl9hdXRoX3VzZXJfaWQiOiIxIn0=", "expire_date": "2016-12-21T10:20:02.227Z"}}, {"model": "sessions.session", "pk": "d8h319ei77sgc1vmsehhpbthc11f1unp", "fields": {"session_data": "OTY4YzExNzIyNjQ3MzJlYTE1ZWFlYzlkYTE5MWU3MTMyOTE0MzMwNzp7Il9hdXRoX3VzZXJfaGFzaCI6ImFjMzlhMzQ5NmExZDllM2RiNzdlYzcwZGI0OGMyMGRlY2Y1ZjA3ZTgiLCJfYXV0aF91c2VyX2JhY2tlbmQiOiJkamFuZ28uY29udHJpYi5hdXRoLmJhY2tlbmRzLk1vZGVsQmFja2VuZCIsIl9hdXRoX3VzZXJfaWQiOiI1NCJ9", "expire_date": "2017-12-28T17:22:42.332Z"}}, {"model": "sessions.session", "pk": "ddsllqjrfnh94uk5vk4lnxot3xd92at4", "fields": {"session_data": "OGI0Y2Y5YjFjN2Q0MzM5ZGMzN2IwNDk2NDIyODI0NjcwNGIxMTUwMTp7Il9hdXRoX3VzZXJfaGFzaCI6ImE2ZWVmNzFjOGZkNjJiMmM0Yjg4NDg2NmNlMTY3YzE0ZWNhYjMzMmYiLCJfYXV0aF91c2VyX2lkIjoiMSIsIl9hdXRoX3VzZXJfYmFja2VuZCI6ImRqYW5nby5jb250cmliLmF1dGguYmFja2VuZHMuTW9kZWxCYWNrZW5kIn0=", "expire_date": "2018-02-12T09:56:27.380Z"}}, {"model": "sessions.session", "pk": "fr7fd458m4kehrqrcizlu3zpvv8knj2w", "fields": {"session_data": "YTM3NzUzMGJjMzFjMjUzMWZlMmIyYTQyMzk2ODBmZTZlMzkxOWQwNDp7Il9hdXRoX3VzZXJfaGFzaCI6IjdiZGNkMzgyM2YwMWZhYmZhMTg5ZGE4MTJlYTY2YmI0NzQwMGVlYWUiLCJfYXV0aF91c2VyX2lkIjoiMSIsIl9hdXRoX3VzZXJfYmFja2VuZCI6ImRqYW5nby5jb250cmliLmF1dGguYmFja2VuZHMuTW9kZWxCYWNrZW5kIn0=", "expire_date": "2016-10-24T18:14:25.087Z"}}, {"model": "sessions.session", "pk": "gw6e1ggmlulmg4n6kt9z3gv58wsdice2", "fields": {"session_data": "NDcxMDVlZGZjYmMwZTI4MTYwZGExMzc3NGRlZGJjNDEwZmI1YWZmMTp7Il9hdXRoX3VzZXJfaGFzaCI6IjU3Nzc3NmEzZDRiYjA5MzRiNDcxMDNjY2JlMzA3OTk5OGM5ZmJiMmQiLCJfYXV0aF91c2VyX2JhY2tlbmQiOiJkamFuZ28uY29udHJpYi5hdXRoLmJhY2tlbmRzLk1vZGVsQmFja2VuZCIsIl9hdXRoX3VzZXJfaWQiOiIxIn0=", "expire_date": "2016-12-15T21:48:19.865Z"}}, {"model": "sessions.session", "pk": "ibgltk9ot1oshqo9pi71owwq70d4t9b3", "fields": {"session_data": "ODY0ZGMyODM4MzFhM2JjYzg5ZDY3ZWFhMDA4ZTFiZjI0OGEyNTM2NTp7Il9hdXRoX3VzZXJfaGFzaCI6IjZkYmFlMjAxMjFkMTYxZjEwODg4YWI0NDIzMzNjOGRkZTg1OWM4ZDAiLCJfYXV0aF91c2VyX2JhY2tlbmQiOiJkamFuZ28uY29udHJpYi5hdXRoLmJhY2tlbmRzLk1vZGVsQmFja2VuZCIsIl9hdXRoX3VzZXJfaWQiOiIxOCJ9", "expire_date": "2016-10-31T19:43:27.537Z"}}, {"model": "sessions.session", "pk": "jj3p5sbmtzku4q2reqtzke8pb5dlzeb3", "fields": {"session_data": "OTBiN2MyNzEwMmFjZjc1NzM0MGE0YzZiNzcxNmRhNWZjNzU2MjFmYzp7Il9hdXRoX3VzZXJfaGFzaCI6IjdiZGNkMzgyM2YwMWZhYmZhMTg5ZGE4MTJlYTY2YmI0NzQwMGVlYWUiLCJfYXV0aF91c2VyX2JhY2tlbmQiOiJkamFuZ28uY29udHJpYi5hdXRoLmJhY2tlbmRzLk1vZGVsQmFja2VuZCIsIl9hdXRoX3VzZXJfaWQiOiIxIn0=", "expire_date": "2016-11-30T22:27:34.596Z"}}, {"model": "sessions.session", "pk": "mrl8bkxxrtrhuda9d8nt8i1ul7evie73", "fields": {"session_data": "ZjVlODUwOTRiNWM0MzZlNDc0YTY2ZGY3Y2FmMGRiMWE2NDdkZmM2NDp7Il9hdXRoX3VzZXJfaGFzaCI6IjBmNzY4YjcwNjQwNDU0MGVmODYzZWI5MGNlZTEyMjA3MjkzNzIwYjgiLCJfYXV0aF91c2VyX2JhY2tlbmQiOiJkamFuZ28uY29udHJpYi5hdXRoLmJhY2tlbmRzLk1vZGVsQmFja2VuZCIsIl9hdXRoX3VzZXJfaWQiOiI1OSJ9", "expire_date": "2018-02-20T19:43:57.019Z"}}, {"model": "sessions.session", "pk": "nnc1mfsls6ndrikjpwvc8ayrg8y9xxe1", "fields": {"session_data": "ZjVlODUwOTRiNWM0MzZlNDc0YTY2ZGY3Y2FmMGRiMWE2NDdkZmM2NDp7Il9hdXRoX3VzZXJfaGFzaCI6IjBmNzY4YjcwNjQwNDU0MGVmODYzZWI5MGNlZTEyMjA3MjkzNzIwYjgiLCJfYXV0aF91c2VyX2JhY2tlbmQiOiJkamFuZ28uY29udHJpYi5hdXRoLmJhY2tlbmRzLk1vZGVsQmFja2VuZCIsIl9hdXRoX3VzZXJfaWQiOiI1OSJ9", "expire_date": "2018-02-13T12:45:05.812Z"}}, {"model": "sessions.session", "pk": "p4bbydde7h94k2ijiotoklj00skjmsim", "fields": {"session_data": "ZTNiYWViNDMwOGRjMWUzNmRmY2FkNmMxNzI2ZTc5NjliYWQ5NzFhYTp7Il9hdXRoX3VzZXJfaGFzaCI6ImY1OTlhOTIzNWNmMmU4NDFlYjY5NTRhYzAxNmZjMWJjMTFhMjJhOGYiLCJfYXV0aF91c2VyX2JhY2tlbmQiOiJkamFuZ28uY29udHJpYi5hdXRoLmJhY2tlbmRzLk1vZGVsQmFja2VuZCIsIl9hdXRoX3VzZXJfaWQiOiIxIn0=", "expire_date": "2016-12-06T16:44:16.674Z"}}, {"model": "sessions.session", "pk": "plx9gcqsvux0t8vxo38yv4mwlu0yje7t", "fields": {"session_data": "ZWUxZmFiNmQwNTMxN2Y4NmRkZDJhNGU2Yjk4NzYwMGNhNTUxMGQ1OTp7Il9hdXRoX3VzZXJfaGFzaCI6Ijk1OGNhNjBjZjdmZDYxZDBjOTAxOWUwNzgzYWQ3Y2M0M2NhZWZiNWYiLCJfYXV0aF91c2VyX2JhY2tlbmQiOiJkamFuZ28uY29udHJpYi5hdXRoLmJhY2tlbmRzLk1vZGVsQmFja2VuZCIsIl9hdXRoX3VzZXJfaWQiOiIzMSJ9", "expire_date": "2016-12-09T03:14:36.752Z"}}, {"model": "sessions.session", "pk": "rlrlsclh1gdflkdbkr07eqdrr3ahqe4z", "fields": {"session_data": "YjlkNTJjMDI1ZmE2OTUzMDZiZWE1Nzc3ZmU0ZTY0MjU4ZTcwNjU3ODp7Il9hdXRoX3VzZXJfaGFzaCI6IjNiNTMyODE5OGQ2YmUzYThlMzg1OGYwN2M4OGRlMTY5Mjk5MTE0OTMiLCJfYXV0aF91c2VyX2JhY2tlbmQiOiJkamFuZ28uY29udHJpYi5hdXRoLmJhY2tlbmRzLk1vZGVsQmFja2VuZCIsIl9hdXRoX3VzZXJfaWQiOiI1MyJ9", "expire_date": "2017-05-23T14:34:19.582Z"}}, {"model": "sessions.session", "pk": "xdw5eex4nrld7ap5dqnoknoti9felzpn", "fields": {"session_data": "OTBiN2MyNzEwMmFjZjc1NzM0MGE0YzZiNzcxNmRhNWZjNzU2MjFmYzp7Il9hdXRoX3VzZXJfaGFzaCI6IjdiZGNkMzgyM2YwMWZhYmZhMTg5ZGE4MTJlYTY2YmI0NzQwMGVlYWUiLCJfYXV0aF91c2VyX2JhY2tlbmQiOiJkamFuZ28uY29udHJpYi5hdXRoLmJhY2tlbmRzLk1vZGVsQmFja2VuZCIsIl9hdXRoX3VzZXJfaWQiOiIxIn0=", "expire_date": "2016-10-29T17:03:41.692Z"}}, {"model": "sessions.session", "pk": "yuuz4hmfs3sd4y2z7o6gl0q6yj19n2ur", "fields": {"session_data": "ODY0ZGMyODM4MzFhM2JjYzg5ZDY3ZWFhMDA4ZTFiZjI0OGEyNTM2NTp7Il9hdXRoX3VzZXJfaGFzaCI6IjZkYmFlMjAxMjFkMTYxZjEwODg4YWI0NDIzMzNjOGRkZTg1OWM4ZDAiLCJfYXV0aF91c2VyX2JhY2tlbmQiOiJkamFuZ28uY29udHJpYi5hdXRoLmJhY2tlbmRzLk1vZGVsQmFja2VuZCIsIl9hdXRoX3VzZXJfaWQiOiIxOCJ9", "expire_date": "2016-11-10T14:19:03.065Z"}}, {"model": "sessions.session", "pk": "zgmcuosuk8uc1mdgk8odj3k5x9wv8kac", "fields": {"session_data": "ODI5ZmY1NWE5NTkyNTcxN2E4MTcxOTAzZTY3OWNkZTAzM2I1N2I5Yzp7Il9hdXRoX3VzZXJfaGFzaCI6ImE2ZWVmNzFjOGZkNjJiMmM0Yjg4NDg2NmNlMTY3YzE0ZWNhYjMzMmYiLCJfYXV0aF91c2VyX2JhY2tlbmQiOiJkamFuZ28uY29udHJpYi5hdXRoLmJhY2tlbmRzLk1vZGVsQmFja2VuZCIsIl9hdXRoX3VzZXJfaWQiOiIxIn0=", "expire_date": "2018-02-21T12:00:16.986Z"}}, {"model": "planner.school_option", "pk": 1, "fields": {"name": "SITC", "description": "nil"}}, {"model": "planner.school_option", "pk": 2, "fields": {"name": "SAS", "description": "nil"}}, {"model": "planner.school_option", "pk": 3, "fields": {"name": "SBE", "description": "nil"}}, {"model": "planner.school_option", "pk": 4, "fields": {"name": "Law", "description": "nil"}}, {"model": "planner.major_option", "pk": 1, "fields": {"name": "Computer Science", "description": "nil"}}, {"model": "planner.major_option", "pk": 2, "fields": {"name": "Software Engineering", "description": "nil"}}, {"model": "planner.major_option", "pk": 3, "fields": {"name": "Telecommunications & Wireless", "description": "nil"}}, {"model": "planner.free_elective", "pk": 1, "fields": {"course_id": "eco101", "major": "Computer Science"}}, {"model": "planner.free_elective", "pk": 2, "fields": {"course_id": "ent101", "major": "Computer Science"}}, {"model": "planner.courses", "pk": "CIE105", "fields": {"course_title": "Principle of Programming I", "course_description": "nil", "dept_name": "Computer Science", "course_credit": 3}}, {"model": "planner.courses", "pk": "CIE106", "fields": {"course_title": "Principle of Programming II", "course_description": "nil", "dept_name": "Computer Science", "course_credit": 3}}, {"model": "planner.courses", "pk": "CIE111", "fields": {"course_title": "Introduction to Computers and Computing", "course_description": "nill", "dept_name": "Computer science", "course_credit": 3}}, {"model": "planner.courses", "pk": "CIE231", "fields": {"course_title": "Introduction to Database, Web Technologies & App", "course_description": "nil", "dept_name": "Computer Science", "course_credit": 3}}, {"model": "planner.courses", "pk": "CIE302", "fields": {"course_title": "Principle of Operating Systems", "course_description": "nil", "dept_name": "Computer Science", "course_credit": 3}}, {"model": "planner.courses", "pk": "CIE321", "fields": {"course_title": "IT Project Management", "course_description": "nil", "dept_name": "Computer Science", "course_credit": 3}}, {"model": "planner.courses", "pk": "CSC102", "fields": {"course_title": "Introduction to Computer Science", "course_description": "nil", "dept_name": "Computer Science", "course_credit": null}}, {"model": "planner.courses", "pk": "CSC202", "fields": {"course_title": "Data Structure and Algorithms", "course_description": "nil", "dept_name": "Computer Science", "course_credit": 3}}, {"model": "planner.courses", "pk": "CSC213", "fields": {"course_title": "Discrete Structures & Algorithms", "course_description": "nil", "dept_name": "Computer Science", "course_credit": 3}}, {"model": "planner.courses", "pk": "CSC214", "fields": {"course_title": "Logic in Computer Science", "course_description": "nil", "dept_name": "Computer Science", "course_credit": 3}}, {"model": "planner.courses", "pk": "CSC232", "fields": {"course_title": "Computer Organisation & Architecture", "course_description": "nil", "dept_name": "Computer Science", "course_credit": null}}, {"model": "planner.courses", "pk": "CSC384", "fields": {"course_title": "Principle of Database Systems", "course_description": "nil", "dept_name": "Computer Science", "course_credit": 3}}, {"model": "planner.courses", "pk": "ECO101", "fields": {"course_title": "Introduction to Economics", "course_description": "nil", "dept_name": "Economics", "course_credit": 3}}, {"model": "planner.courses", "pk": "ECO210", "fields": {"course_title": "Introduction to Microeconomics", "course_description": "nil", "dept_name": "Economics", "course_credit": 3}}, {"model": "planner.courses", "pk": "MAT210", "fields": {"course_title": "Calculus 1", "course_description": "nil", "dept_name": "Mathematics", "course_credit": 3}}, {"model": "planner.courses", "pk": "MAT211", "fields": {"course_title": "Calculus 11", "course_description": "nil", "dept_name": "Mathematics", "course_credit": 3}}, {"model": "planner.courses", "pk": "MAT312", "fields": {"course_title": "Linear Algebra", "course_description": "nil", "dept_name": "Mathematics", "course_credit": 3}}, {"model": "planner.courses", "pk": "PHY131", "fields": {"course_title": "Collage Physics 1", "course_description": "nil", "dept_name": "Physics", "course_credit": 4}}, {"model": "planner.courses", "pk": "PHY132", "fields": {"course_title": "Collage Physics 11", "course_description": "nil", "dept_name": "Physics", "course_credit": 4}}, {"model": "planner.courses", "pk": "SEN301", "fields": {"course_title": "Introduction to Software Engineering", "course_description": "nil", "dept_name": "Software Engineering", "course_credit": 3}}, {"model": "planner.courses", "pk": "SEN306", "fields": {"course_title": "Object-Oriented Software Construction", "course_description": "nil", "dept_name": "Software Engineering", "course_credit": 3}}, {"model": "planner.courses", "pk": "SEN312", "fields": {"course_title": "User Interface and Design", "course_description": "nil", "dept_name": "Software Engineering", "course_credit": 3}}, {"model": "planner.courses", "pk": "SEN400", "fields": {"course_title": "Software Engineering Professional Ethics", "course_description": "nil", "dept_name": "Software Engineering", "course_credit": 3}}, {"model": "planner.courses", "pk": "SEN405", "fields": {"course_title": "Software Requirement Analysis & Specification", "course_description": "nil", "dept_name": "Software Engineering", "course_credit": 3}}, {"model": "planner.courses", "pk": "SEN406", "fields": {"course_title": "Technical Report Writing", "course_description": "nil", "dept_name": "Software Engineering", "course_credit": 3}}, {"model": "planner.courses", "pk": "SEN415", "fields": {"course_title": "Software Testing & Quality Assurance", "course_description": "nil", "dept_name": "Software Engineering", "course_credit": 3}}, {"model": "planner.courses", "pk": "SEN416", "fields": {"course_title": "Software Design and Architecture", "course_description": "nil", "dept_name": "Software Engineering", "course_credit": 3}}, {"model": "planner.courses", "pk": "SEN490", "fields": {"course_title": "Software Engineering Capstone Project", "course_description": "nil", "dept_name": "Software Engineering", "course_credit": 3}}, {"model": "planner.courses", "pk": "STA101", "fields": {"course_title": "Introduction to Statistics", "course_description": "nil", "dept_name": "Statistics", "course_credit": 3}}, {"model": "planner.pre_req", "pk": 1, "fields": {"course_id": "CIE111", "pre_req_id": "none"}}, {"model": "planner.pre_req", "pk": 2, "fields": {"course_id": "CIE105", "pre_req_id": "CIE111"}}, {"model": "planner.pre_req", "pk": 3, "fields": {"course_id": "CIE106", "pre_req_id": "CIE105"}}, {"model": "planner.pre_req", "pk": 4, "fields": {"course_id": "CSC213", "pre_req_id": "CIE105"}}, {"model": "planner.pre_req", "pk": 5, "fields": {"course_id": "PHY205", "pre_req_id": "MAT210"}}, {"model": "planner.pre_req", "pk": 6, "fields": {"course_id": "MAT211", "pre_req_id": "MAT210"}}, {"model": "planner.pre_req", "pk": 7, "fields": {"course_id": "PHY206", "pre_req_id": "PHY205"}}, {"model": "planner.pre_req", "pk": 8, "fields": {"course_id": "MAT210", "pre_req_id": "MAT112"}}, {"model": "planner.pre_req", "pk": 9, "fields": {"course_id": "MAT312", "pre_req_id": "MAT312"}}, {"model": "planner.pre_req", "pk": 10, "fields": {"course_id": "CSC202", "pre_req_id": "CIE106"}}, {"model": "planner.pre_req", "pk": 11, "fields": {"course_id": "CSC214", "pre_req_id": "CSC213"}}, {"model": "planner.pre_req", "pk": 12, "fields": {"course_id": "CIE231", "pre_req_id": "CIE106"}}, {"model": "planner.pre_req", "pk": 13, "fields": {"course_id": "CSC364", "pre_req_id": "CSC202"}}, {"model": "planner.pre_req", "pk": 14, "fields": {"course_id": "CIE302", "pre_req_id": "CIE106"}}, {"model": "planner.pre_req", "pk": 15, "fields": {"course_id": "CSC385", "pre_req_id": "CSC202"}}, {"model": "planner.pre_req", "pk": 16, "fields": {"course_id": "CSC232", "pre_req_id": "CIE105"}}, {"model": "planner.pre_req", "pk": 17, "fields": {"course_id": "CIE302", "pre_req_id": "CIE106"}}, {"model": "planner.pre_req", "pk": 18, "fields": {"course_id": "CSC301", "pre_req_id": "CIE106"}}, {"model": "planner.pre_req", "pk": 19, "fields": {"course_id": "CSC364", "pre_req_id": "CSC202"}}, {"model": "planner.pre_req", "pk": 20, "fields": {"course_id": "SEN406", "pre_req_id": "WRI102"}}, {"model": "planner.pre_req", "pk": 21, "fields": {"course_id": "SEN301", "pre_req_id": "CIE231"}}, {"model": "planner.pre_req", "pk": 22, "fields": {"course_id": "CSC306", "pre_req_id": "SEN301"}}, {"model": "planner.pre_req", "pk": 23, "fields": {"course_id": "CSC407", "pre_req_id": "CIE106"}}, {"model": "planner.pre_req", "pk": 24, "fields": {"course_id": "CSC490", "pre_req_id": "SEN406"}}, {"model": "planner.pre_req", "pk": 25, "fields": {"course_id": "CSC434", "pre_req_id": "CSC407"}}, {"model": "planner.pre_req", "pk": 26, "fields": {"course_id": "CSC456", "pre_req_id": "CIE106"}}, {"model": "planner.pre_req", "pk": 27, "fields": {"course_id": "SEN400", "pre_req_id": "Jr-St"}}, {"model": "planner.degree_req", "pk": 1, "fields": {"course_id": "CIE105", "course_title": null, "major_name": "Computer Science"}}, {"model": "planner.degree_req", "pk": 2, "fields": {"course_id": "CIE106", "course_title": null, "major_name": "Computer Science"}}, {"model": "planner.degree_req", "pk": 3, "fields": {"course_id": "SEN301", "course_title": null, "major_name": "Computer Science"}}, {"model": "planner.degree_req", "pk": 4, "fields": {"course_id": "CSC202", "course_title": null, "major_name": "Computer Science"}}, {"model": "planner.degree_req", "pk": 5, "fields": {"course_id": "CSC213", "course_title": null, "major_name": "Computer Science"}}, {"model": "planner.degree_req", "pk": 6, "fields": {"course_id": "CSC214", "course_title": null, "major_name": "Computer Science"}}, {"model": "planner.degree_req", "pk": 7, "fields": {"course_id": "CIE231", "course_title": null, "major_name": "Computer Science"}}, {"model": "planner.degree_req", "pk": 8, "fields": {"course_id": "CSC232", "course_title": null, "major_name": "Computer Science"}}, {"model": "planner.degree_req", "pk": 9, "fields": {"course_id": "CSC301", "course_title": null, "major_name": "Computer Science"}}, {"model": "planner.degree_req", "pk": 10, "fields": {"course_id": "CIE302", "course_title": null, "major_name": "Computer Science"}}, {"model": "planner.degree_req", "pk": 11, "fields": {"course_id": "CSC306", "course_title": null, "major_name": "Computer Science"}}, {"model": "planner.degree_req", "pk": 12, "fields": {"course_id": "CSC364", "course_title": null, "major_name": "Computer Science"}}, {"model": "planner.degree_req", "pk": 13, "fields": {"course_id": "CSC384", "course_title": null, "major_name": "Computer Science"}}, {"model": "planner.degree_req", "pk": 14, "fields": {"course_id": "CSC384", "course_title": null, "major_name": "Computer Science"}}, {"model": "planner.degree_req", "pk": 15, "fields": {"course_id": "CSC434", "course_title": null, "major_name": "Computer Science"}}, {"model": "planner.degree_req", "pk": 16, "fields": {"course_id": "CSC456", "course_title": "nil", "major_name": "Computer Science"}}, {"model": "planner.degree_req", "pk": 17, "fields": {"course_id": "SEN400", "course_title": null, "major_name": "Computer Science"}}, {"model": "planner.degree_req", "pk": 18, "fields": {"course_id": "CSC407", "course_title": null, "major_name": "Computer Science"}}, {"model": "planner.degree_req", "pk": 19, "fields": {"course_id": "CSC490", "course_title": null, "major_name": "Computer Science"}}, {"model": "planner.degree_req", "pk": 20, "fields": {"course_id": "PHY205", "course_title": "nil", "major_name": "Computer Science"}}, {"model": "planner.degree_req", "pk": 21, "fields": {"course_id": "ECO101", "course_title": "nil", "major_name": "Computer Science"}}, {"model": "planner.degree_req", "pk": 22, "fields": {"course_id": "PHY206", "course_title": "nil", "major_name": "Computer Science"}}, {"model": "planner.degree_req", "pk": 23, "fields": {"course_id": "MAT112", "course_title": "nil", "major_name": "Computer Science"}}, {"model": "planner.degree_req", "pk": 24, "fields": {"course_id": "MAT210", "course_title": "nil", "major_name": "Computer Science"}}, {"model": "planner.degree_req", "pk": 25, "fields": {"course_id": "MAT211", "course_title": "nil", "major_name": "Computer Science"}}, {"model": "planner.degree_req", "pk": 26, "fields": {"course_id": "MAT312", "course_title": "nil", "major_name": "Computer Science"}}, {"model": "planner.degree_req", "pk": 27, "fields": {"course_id": "CIE111", "course_title": "nil", "major_name": "Computer Science"}}, {"model": "planner.degree_req", "pk": 28, "fields": {"course_id": "SEN406", "course_title": "nil", "major_name": "Computer Science"}}, {"model": "planner.degree_req", "pk": 29, "fields": {"course_id": "WRI101", "course_title": "nil", "major_name": "Computer Science"}}, {"model": "planner.degree_req", "pk": 30, "fields": {"course_id": "WRI102", "course_title": "nil", "major_name": "Computer Science"}}, {"model": "auth.permission", "pk": 1, "fields": {"name": "Can add log entry", "content_type": 1, "codename": "add_logentry"}}, {"model": "auth.permission", "pk": 2, "fields": {"name": "Can change log entry", "content_type": 1, "codename": "change_logentry"}}, {"model": "auth.permission", "pk": 3, "fields": {"name": "Can delete log entry", "content_type": 1, "codename": "delete_logentry"}}, {"model": "auth.permission", "pk": 4, "fields": {"name": "Can add permission", "content_type": 2, "codename": "add_permission"}}, {"model": "auth.permission", "pk": 5, "fields": {"name": "Can change permission", "content_type": 2, "codename": "change_permission"}}, {"model": "auth.permission", "pk": 6, "fields": {"name": "Can delete permission", "content_type": 2, "codename": "delete_permission"}}, {"model": "auth.permission", "pk": 7, "fields": {"name": "Can add user", "content_type": 3, "codename": "add_user"}}, {"model": "auth.permission", "pk": 8, "fields": {"name": "Can change user", "content_type": 3, "codename": "change_user"}}, {"model": "auth.permission", "pk": 9, "fields": {"name": "Can delete user", "content_type": 3, "codename": "delete_user"}}, {"model": "auth.permission", "pk": 10, "fields": {"name": "Can add group", "content_type": 4, "codename": "add_group"}}, {"model": "auth.permission", "pk": 11, "fields": {"name": "Can change group", "content_type": 4, "codename": "change_group"}}, {"model": "auth.permission", "pk": 12, "fields": {"name": "Can delete group", "content_type": 4, "codename": "delete_group"}}, {"model": "auth.permission", "pk": 13, "fields": {"name": "Can add content type", "content_type": 5, "codename": "add_contenttype"}}, {"model": "auth.permission", "pk": 14, "fields": {"name": "Can change content type", "content_type": 5, "codename": "change_contenttype"}}, {"model": "auth.permission", "pk": 15, "fields": {"name": "Can delete content type", "content_type": 5, "codename": "delete_contenttype"}}, {"model": "auth.permission", "pk": 16, "fields": {"name": "Can add session", "content_type": 6, "codename": "add_session"}}, {"model": "auth.permission", "pk": 17, "fields": {"name": "Can change session", "content_type": 6, "codename": "change_session"}}, {"model": "auth.permission", "pk": 18, "fields": {"name": "Can delete session", "content_type": 6, "codename": "delete_session"}}, {"model": "auth.permission", "pk": 19, "fields": {"name": "Can add school_option", "content_type": 7, "codename": "add_school_option"}}, {"model": "auth.permission", "pk": 20, "fields": {"name": "Can change school_option", "content_type": 7, "codename": "change_school_option"}}, {"model": "auth.permission", "pk": 21, "fields": {"name": "Can delete school_option", "content_type": 7, "codename": "delete_school_option"}}, {"model": "auth.permission", "pk": 22, "fields": {"name": "Can add major_option", "content_type": 8, "codename": "add_major_option"}}, {"model": "auth.permission", "pk": 23, "fields": {"name": "Can change major_option", "content_type": 8, "codename": "change_major_option"}}, {"model": "auth.permission", "pk": 24, "fields": {"name": "Can delete major_option", "content_type": 8, "codename": "delete_major_option"}}, {"model": "auth.permission", "pk": 31, "fields": {"name": "Can add courses", "content_type": 11, "codename": "add_courses"}}, {"model": "auth.permission", "pk": 32, "fields": {"name": "Can change courses", "content_type": 11, "codename": "change_courses"}}, {"model": "auth.permission", "pk": 33, "fields": {"name": "Can delete courses", "content_type": 11, "codename": "delete_courses"}}, {"model": "auth.permission", "pk": 34, "fields": {"name": "Can add department", "content_type": 12, "codename": "add_department"}}, {"model": "auth.permission", "pk": 35, "fields": {"name": "Can change department", "content_type": 12, "codename": "change_department"}}, {"model": "auth.permission", "pk": 36, "fields": {"name": "Can delete department", "content_type": 12, "codename": "delete_department"}}, {"model": "auth.permission", "pk": 40, "fields": {"name": "Can add pre_req", "content_type": 14, "codename": "add_pre_req"}}, {"model": "auth.permission", "pk": 41, "fields": {"name": "Can change pre_req", "content_type": 14, "codename": "change_pre_req"}}, {"model": "auth.permission", "pk": 42, "fields": {"name": "Can delete pre_req", "content_type": 14, "codename": "delete_pre_req"}}, {"model": "auth.permission", "pk": 43, "fields": {"name": "Can add schedules", "content_type": 15, "codename": "add_schedules"}}, {"model": "auth.permission", "pk": 44, "fields": {"name": "Can change schedules", "content_type": 15, "codename": "change_schedules"}}, {"model": "auth.permission", "pk": 45, "fields": {"name": "Can delete schedules", "content_type": 15, "codename": "delete_schedules"}}, {"model": "auth.permission", "pk": 52, "fields": {"name": "Can add major_req", "content_type": 18, "codename": "add_major_req"}}, {"model": "auth.permission", "pk": 53, "fields": {"name": "Can change major_req", "content_type": 18, "codename": "change_major_req"}}, {"model": "auth.permission", "pk": 54, "fields": {"name": "Can delete major_req", "content_type": 18, "codename": "delete_major_req"}}, {"model": "auth.permission", "pk": 55, "fields": {"name": "Can add profile", "content_type": 19, "codename": "add_profile"}}, {"model": "auth.permission", "pk": 56, "fields": {"name": "Can change profile", "content_type": 19, "codename": "change_profile"}}, {"model": "auth.permission", "pk": 57, "fields": {"name": "Can delete profile", "content_type": 19, "codename": "delete_profile"}}, {"model": "auth.permission", "pk": 58, "fields": {"name": "Can add free_elective", "content_type": 20, "codename": "add_free_elective"}}, {"model": "auth.permission", "pk": 59, "fields": {"name": "Can change free_elective", "content_type": 20, "codename": "change_free_elective"}}, {"model": "auth.permission", "pk": 60, "fields": {"name": "Can delete free_elective", "content_type": 20, "codename": "delete_free_elective"}}, {"model": "auth.permission", "pk": 61, "fields": {"name": "Can add degree_req", "content_type": 18, "codename": "add_degree_req"}}, {"model": "auth.permission", "pk": 62, "fields": {"name": "Can change degree_req", "content_type": 18, "codename": "change_degree_req"}}, {"model": "auth.permission", "pk": 63, "fields": {"name": "Can delete degree_req", "content_type": 18, "codename": "delete_degree_req"}}, {"model": "auth.group", "pk": 1, "fields": {"name": "students", "permissions": [43, 44, 45]}}, {"model": "auth.group", "pk": 2, "fields": {"name": "instructors", "permissions": []}}, {"model": "auth.user", "pk": 1, "fields": {"password": "pbkdf2_sha256$36000$MpPX8j3y4LtO$rDmYvOzLNMwX/UcX1rC54yQK0uBSJGnvhp34aYTbIGU=", "last_login": "2018-02-07T23:39:05.846Z", "is_superuser": true, "username": "admin", "first_name": "", "last_name": "", "email": "mohammed@example.com", "is_staff": true, "is_active": true, "date_joined": "2016-10-10T13:36:22.155Z", "groups": [], "user_permissions": []}}, {"model": "auth.user", "pk": 58, "fields": {"password": "pbkdf2_sha256$36000$dUNyshR4wsq5$ns1lsMqtTUYlkBYuqq5oEWWdPDvUpe+6Z/6EIDUqf1Q=", "last_login": "2018-02-08T08:34:00.463Z", "is_superuser": false, "username": "A00016688", "first_name": "Muhammad", "last_name": "Bello", "email": "muhammad@aun.edu.ng", "is_staff": false, "is_active": true, "date_joined": "2018-01-30T11:52:42.582Z", "groups": [], "user_permissions": []}}, {"model": "auth.user", "pk": 59, "fields": {"password": "pbkdf2_sha256$36000$11QbDjuHuf2X$h8udyUQdVEhtqZSHPXOgh7gQj0T9iNQH64o9MQflRpw=", "last_login": "2018-02-07T21:27:18.859Z", "is_superuser": false, "username": "t12345", "first_name": "test", "last_name": "test", "email": "test@test.com", "is_staff": false, "is_active": true, "date_joined": "2018-01-30T12:45:05.093Z", "groups": [], "user_permissions": []}}, {"model": "auth.user", "pk": 60, "fields": {"password": "pbkdf2_sha256$36000$HHr50LCu912W$MWffrbeWqI64tmOMg1S7UkTY4U6CRSePefjzAXKBXp0=", "last_login": "2018-02-07T23:03:23.537Z", "is_superuser": false, "username": "A00020125", "first_name": "Inusa", "last_name": "Inusa", "email": "inusa@aun.edu.ng", "is_staff": false, "is_active": true, "date_joined": "2018-02-07T23:03:22.862Z", "groups": [], "user_permissions": []}}, {"model": "auth.user", "pk": 61, "fields": {"password": "pbkdf2_sha256$36000$X2RLwk3e2qF8$BSiVHf6Nn1cgHuxDsTcyryCiWF4WdVGIRBQx8fzZ0ew=", "last_login": "2018-02-07T23:23:40.890Z", "is_superuser": false, "username": "5678", "first_name": "mmm", "last_name": "mnmm", "email": "n@x.com", "is_staff": false, "is_active": true, "date_joined": "2018-02-07T23:23:40.102Z", "groups": [], "user_permissions": []}}, {"model": "planner.profile", "pk": 1, "fields": {"user": 1, "semester_enrolled": "Spring", "year_enrolled": "2016", "major": "Computer Science", "school": "SITC", "is_advisor": true, "is_student": false}}, {"model": "planner.profile", "pk": 30, "fields": {"user": 58, "semester_enrolled": "Spring", "year_enrolled": "2016", "major": "Computer Science", "school": "SITC", "is_advisor": false, "is_student": true}}, {"model": "planner.profile", "pk": 31, "fields": {"user": 59, "semester_enrolled": "Spring", "year_enrolled": "2016", "major": "Computer Science", "school": "SITC", "is_advisor": false, "is_student": true}}, {"model": "planner.profile", "pk": 32, "fields": {"user": 60, "semester_enrolled": "Fall", "year_enrolled": "2019", "major": "Computer Science", "school": "SITC", "is_advisor": false, "is_student": true}}, {"model": "planner.profile", "pk": 33, "fields": {"user": 61, "semester_enrolled": "Spring", "year_enrolled": "2020", "major": "Computer Science", "school": "SITC", "is_advisor": false, "is_student": true}}, {"model": "planner.schedules", "pk": 130, "fields": {"user": 59, "course_id": "CIE105", "course_title": null, "semester": "Spring_2016"}}, {"model": "planner.schedules", "pk": 131, "fields": {"user": 59, "course_id": "CIE106", "course_title": null, "semester": "Spring_2016"}}, {"model": "planner.schedules", "pk": 132, "fields": {"user": 59, "course_id": "CIE302", "course_title": null, "semester": "Fall_2016"}}, {"model": "planner.schedules", "pk": 133, "fields": {"user": 59, "course_id": "CIE231", "course_title": null, "semester": "Fall_2019"}}, {"model": "planner.schedules", "pk": 134, "fields": {"user": 59, "course_id": "SEN400", "course_title": null, "semester": "Fall_2019"}}, {"model": "planner.schedules", "pk": 136, "fields": {"user": 61, "course_id": "SEN416", "course_title": null, "semester": "Spring_2020"}}, {"model": "planner.schedules", "pk": 139, "fields": {"user": 58, "course_id": "SEN301", "course_title": null, "semester": "Fall_2017"}}, {"model": "admin.logentry", "pk": 1, "fields": {"action_time": "2016-10-10T13:37:13.729Z", "user": 1, "content_type": 3, "object_id": "2", "object_repr": "student", "action_flag": 1, "change_message": "[{\"added\": {}}]"}}, {"model": "admin.logentry", "pk": 2, "fields": {"action_time": "2016-10-10T13:37:35.527Z", "user": 1, "content_type": 3, "object_id": "3", "object_repr": "instructor", "action_flag": 1, "change_message": "[{\"added\": {}}]"}}, {"model": "admin.logentry", "pk": 3, "fields": {"action_time": "2016-10-10T18:09:44.053Z", "user": 1, "content_type": 7, "object_id": "1", "object_repr": "SCIT - nil", "action_flag": 1, "change_message": "[{\"added\": {}}]"}}, {"model": "admin.logentry", "pk": 4, "fields": {"action_time": "2016-10-10T18:09:53.435Z", "user": 1, "content_type": 7, "object_id": "2", "object_repr": "SAS - nil", "action_flag": 1, "change_message": "[{\"added\": {}}]"}}, {"model": "admin.logentry", "pk": 5, "fields": {"action_time": "2016-10-10T18:10:05.329Z", "user": 1, "content_type": 7, "object_id": "3", "object_repr": "SBE - nil", "action_flag": 1, "change_message": "[{\"added\": {}}]"}}, {"model": "admin.logentry", "pk": 6, "fields": {"action_time": "2016-10-10T18:48:07.723Z", "user": 1, "content_type": 7, "object_id": "1", "object_repr": "SITC - nil", "action_flag": 2, "change_message": "[{\"changed\": {\"fields\": [\"name\"]}}]"}}, {"model": "admin.logentry", "pk": 7, "fields": {"action_time": "2016-10-10T19:23:53.858Z", "user": 1, "content_type": 3, "object_id": "4", "object_repr": "", "action_flag": 3, "change_message": ""}}, {"model": "admin.logentry", "pk": 8, "fields": {"action_time": "2016-10-10T19:23:53.990Z", "user": 1, "content_type": 3, "object_id": "3", "object_repr": "instructor", "action_flag": 3, "change_message": ""}}, {"model": "admin.logentry", "pk": 9, "fields": {"action_time": "2016-10-10T19:23:54.100Z", "user": 1, "content_type": 3, "object_id": "2", "object_repr": "student", "action_flag": 3, "change_message": ""}}, {"model": "admin.logentry", "pk": 10, "fields": {"action_time": "2016-10-11T19:23:21.536Z", "user": 1, "content_type": 8, "object_id": "1", "object_repr": "Major_option object", "action_flag": 1, "change_message": "[{\"added\": {}}]"}}, {"model": "admin.logentry", "pk": 11, "fields": {"action_time": "2016-10-11T19:23:40.657Z", "user": 1, "content_type": 8, "object_id": "2", "object_repr": "Major_option object", "action_flag": 1, "change_message": "[{\"added\": {}}]"}}, {"model": "admin.logentry", "pk": 12, "fields": {"action_time": "2016-10-11T19:25:46.706Z", "user": 1, "content_type": 7, "object_id": "4", "object_repr": "Law - nil", "action_flag": 1, "change_message": "[{\"added\": {}}]"}}, {"model": "admin.logentry", "pk": 13, "fields": {"action_time": "2016-10-26T18:57:49.145Z", "user": 1, "content_type": 3, "object_id": "13", "object_repr": "12qw", "action_flag": 3, "change_message": ""}}, {"model": "admin.logentry", "pk": 14, "fields": {"action_time": "2016-10-26T18:57:49.280Z", "user": 1, "content_type": 3, "object_id": "12", "object_repr": "133556", "action_flag": 3, "change_message": ""}}, {"model": "admin.logentry", "pk": 15, "fields": {"action_time": "2016-10-26T18:57:49.401Z", "user": 1, "content_type": 3, "object_id": "23", "object_repr": "16117", "action_flag": 3, "change_message": ""}}, {"model": "admin.logentry", "pk": 16, "fields": {"action_time": "2016-10-26T18:57:49.518Z", "user": 1, "content_type": 3, "object_id": "14", "object_repr": "747hfjfkf", "action_flag": 3, "change_message": ""}}, {"model": "admin.logentry", "pk": 17, "fields": {"action_time": "2016-10-26T18:57:49.636Z", "user": 1, "content_type": 3, "object_id": "15", "object_repr": "7747595", "action_flag": 3, "change_message": ""}}, {"model": "admin.logentry", "pk": 18, "fields": {"action_time": "2016-10-26T18:57:49.736Z", "user": 1, "content_type": 3, "object_id": "11", "object_repr": "A00016117", "action_flag": 3, "change_message": ""}}, {"model": "admin.logentry", "pk": 19, "fields": {"action_time": "2016-10-26T18:57:49.858Z", "user": 1, "content_type": 3, "object_id": "5", "object_repr": "A00016611", "action_flag": 3, "change_message": ""}}, {"model": "admin.logentry", "pk": 20, "fields": {"action_time": "2016-10-26T18:57:50.002Z", "user": 1, "content_type": 3, "object_id": "7", "object_repr": "A000325475", "action_flag": 3, "change_message": ""}}, {"model": "admin.logentry", "pk": 21, "fields": {"action_time": "2016-10-26T18:57:50.135Z", "user": 1, "content_type": 3, "object_id": "6", "object_repr": "A00035474", "action_flag": 3, "change_message": ""}}, {"model": "admin.logentry", "pk": 22, "fields": {"action_time": "2016-10-26T18:57:50.262Z", "user": 1, "content_type": 3, "object_id": "19", "object_repr": "A1234", "action_flag": 3, "change_message": ""}}, {"model": "admin.logentry", "pk": 23, "fields": {"action_time": "2016-10-26T18:57:50.402Z", "user": 1, "content_type": 3, "object_id": "16", "object_repr": "A123456", "action_flag": 3, "change_message": ""}}, {"model": "admin.logentry", "pk": 24, "fields": {"action_time": "2016-10-26T18:57:50.512Z", "user": 1, "content_type": 3, "object_id": "10", "object_repr": "A475876h", "action_flag": 3, "change_message": ""}}, {"model": "admin.logentry", "pk": 25, "fields": {"action_time": "2016-10-26T18:57:50.636Z", "user": 1, "content_type": 3, "object_id": "9", "object_repr": "A484", "action_flag": 3, "change_message": ""}}, {"model": "admin.logentry", "pk": 26, "fields": {"action_time": "2016-10-26T18:57:50.795Z", "user": 1, "content_type": 3, "object_id": "8", "object_repr": "A5456544", "action_flag": 3, "change_message": ""}}, {"model": "admin.logentry", "pk": 27, "fields": {"action_time": "2016-10-26T18:57:50.914Z", "user": 1, "content_type": 3, "object_id": "20", "object_repr": "admin2", "action_flag": 3, "change_message": ""}}, {"model": "admin.logentry", "pk": 28, "fields": {"action_time": "2016-10-26T18:57:51.112Z", "user": 1, "content_type": 3, "object_id": "21", "object_repr": "q123", "action_flag": 3, "change_message": ""}}, {"model": "admin.logentry", "pk": 29, "fields": {"action_time": "2016-10-26T18:57:51.304Z", "user": 1, "content_type": 3, "object_id": "17", "object_repr": "q1234", "action_flag": 3, "change_message": ""}}, {"model": "admin.logentry", "pk": 30, "fields": {"action_time": "2016-11-16T22:37:05.471Z", "user": 1, "content_type": 4, "object_id": "1", "object_repr": "students", "action_flag": 1, "change_message": "[{\"added\": {}}]"}}, {"model": "admin.logentry", "pk": 31, "fields": {"action_time": "2016-11-16T22:37:41.263Z", "user": 1, "content_type": 4, "object_id": "2", "object_repr": "instructors", "action_flag": 1, "change_message": "[{\"added\": {}}]"}}, {"model": "admin.logentry", "pk": 32, "fields": {"action_time": "2016-11-16T22:38:27.547Z", "user": 1, "content_type": 3, "object_id": "24", "object_repr": "A00016117", "action_flag": 2, "change_message": "[]"}}, {"model": "admin.logentry", "pk": 33, "fields": {"action_time": "2016-11-16T22:50:04.684Z", "user": 1, "content_type": 11, "object_id": "CIE105", "object_repr": "Courses object", "action_flag": 1, "change_message": "[{\"added\": {}}]"}}, {"model": "admin.logentry", "pk": 34, "fields": {"action_time": "2016-11-16T22:50:26.830Z", "user": 1, "content_type": 11, "object_id": "CIE106", "object_repr": "Courses object", "action_flag": 1, "change_message": "[{\"added\": {}}]"}}, {"model": "admin.logentry", "pk": 35, "fields": {"action_time": "2016-11-16T22:51:27.031Z", "user": 1, "content_type": 11, "object_id": "CIE231", "object_repr": "Courses object", "action_flag": 1, "change_message": "[{\"added\": {}}]"}}, {"model": "admin.logentry", "pk": 36, "fields": {"action_time": "2016-11-16T22:52:04.301Z", "user": 1, "content_type": 11, "object_id": "CIE302", "object_repr": "Courses object", "action_flag": 1, "change_message": "[{\"added\": {}}]"}}, {"model": "admin.logentry", "pk": 37, "fields": {"action_time": "2016-11-16T22:53:01.173Z", "user": 1, "content_type": 11, "object_id": "CIE321", "object_repr": "Courses object", "action_flag": 1, "change_message": "[{\"added\": {}}]"}}, {"model": "admin.logentry", "pk": 38, "fields": {"action_time": "2016-11-16T22:53:51.734Z", "user": 1, "content_type": 11, "object_id": "CSC202", "object_repr": "Courses object", "action_flag": 1, "change_message": "[{\"added\": {}}]"}}, {"model": "admin.logentry", "pk": 39, "fields": {"action_time": "2016-11-16T22:54:23.927Z", "user": 1, "content_type": 11, "object_id": "CSC102", "object_repr": "Courses object", "action_flag": 1, "change_message": "[{\"added\": {}}]"}}, {"model": "admin.logentry", "pk": 40, "fields": {"action_time": "2016-11-17T09:28:10.296Z", "user": 1, "content_type": 11, "object_id": "CSC213", "object_repr": "CSC213 - Discrete Structures & Algorithms", "action_flag": 1, "change_message": "[{\"added\": {}}]"}}, {"model": "admin.logentry", "pk": 41, "fields": {"action_time": "2016-11-17T09:28:45.640Z", "user": 1, "content_type": 11, "object_id": "CSC214", "object_repr": "CSC214 - Logic in Computer Science", "action_flag": 1, "change_message": "[{\"added\": {}}]"}}, {"model": "admin.logentry", "pk": 42, "fields": {"action_time": "2016-11-17T09:29:42.243Z", "user": 1, "content_type": 11, "object_id": "CSC232", "object_repr": "CSC232 - Computer Organisation & Architecture", "action_flag": 1, "change_message": "[{\"added\": {}}]"}}, {"model": "admin.logentry", "pk": 43, "fields": {"action_time": "2016-11-17T09:30:17.857Z", "user": 1, "content_type": 11, "object_id": "CSC384", "object_repr": "CSC384 - Principle of Database Systems", "action_flag": 1, "change_message": "[{\"added\": {}}]"}}, {"model": "admin.logentry", "pk": 44, "fields": {"action_time": "2016-11-17T09:31:43.381Z", "user": 1, "content_type": 11, "object_id": "ECO101", "object_repr": "ECO101 - Introduction to Economics", "action_flag": 1, "change_message": "[{\"added\": {}}]"}}, {"model": "admin.logentry", "pk": 45, "fields": {"action_time": "2016-11-17T09:33:46.741Z", "user": 1, "content_type": 11, "object_id": "ECO210", "object_repr": "ECO210 - Introduction to Microeconomics", "action_flag": 1, "change_message": "[{\"added\": {}}]"}}, {"model": "admin.logentry", "pk": 46, "fields": {"action_time": "2016-11-17T09:35:09.980Z", "user": 1, "content_type": 11, "object_id": "MAT210", "object_repr": "MAT210 - Calculus 1", "action_flag": 1, "change_message": "[{\"added\": {}}]"}}, {"model": "admin.logentry", "pk": 47, "fields": {"action_time": "2016-11-17T09:35:44.863Z", "user": 1, "content_type": 11, "object_id": "MAT211", "object_repr": "MAT211 - Calculus 11", "action_flag": 1, "change_message": "[{\"added\": {}}]"}}, {"model": "admin.logentry", "pk": 48, "fields": {"action_time": "2016-11-17T09:36:24.702Z", "user": 1, "content_type": 11, "object_id": "MAT312", "object_repr": "MAT312 - Linear Algebra", "action_flag": 1, "change_message": "[{\"added\": {}}]"}}, {"model": "admin.logentry", "pk": 49, "fields": {"action_time": "2016-11-17T09:37:05.752Z", "user": 1, "content_type": 11, "object_id": "PHY131", "object_repr": "PHY131 - Collage Physics 1", "action_flag": 1, "change_message": "[{\"added\": {}}]"}}, {"model": "admin.logentry", "pk": 50, "fields": {"action_time": "2016-11-17T09:37:48.376Z", "user": 1, "content_type": 11, "object_id": "PHY132", "object_repr": "PHY132 - Collage Physics 11", "action_flag": 1, "change_message": "[{\"added\": {}}]"}}, {"model": "admin.logentry", "pk": 51, "fields": {"action_time": "2016-11-17T09:39:05.857Z", "user": 1, "content_type": 11, "object_id": "SEN301", "object_repr": "SEN301 - Introduction to Software Engineering", "action_flag": 1, "change_message": "[{\"added\": {}}]"}}, {"model": "admin.logentry", "pk": 52, "fields": {"action_time": "2016-11-17T09:39:56.162Z", "user": 1, "content_type": 11, "object_id": "SEN306", "object_repr": "SEN306 - Object-Oriented Software Construction", "action_flag": 1, "change_message": "[{\"added\": {}}]"}}, {"model": "admin.logentry", "pk": 53, "fields": {"action_time": "2016-11-17T09:41:07.580Z", "user": 1, "content_type": 11, "object_id": "SEN312", "object_repr": "SEN312 - User Interface and Design", "action_flag": 1, "change_message": "[{\"added\": {}}]"}}, {"model": "admin.logentry", "pk": 54, "fields": {"action_time": "2016-11-17T09:42:07.142Z", "user": 1, "content_type": 11, "object_id": "SEN400", "object_repr": "SEN400 - Software Requirement Analysis & Specification", "action_flag": 1, "change_message": "[{\"added\": {}}]"}}, {"model": "admin.logentry", "pk": 55, "fields": {"action_time": "2016-11-17T09:43:17.923Z", "user": 1, "content_type": 11, "object_id": "SEN406", "object_repr": "SEN406 - Technical Report Writing", "action_flag": 1, "change_message": "[{\"added\": {}}]"}}, {"model": "admin.logentry", "pk": 56, "fields": {"action_time": "2016-11-17T09:44:08.561Z", "user": 1, "content_type": 11, "object_id": "SEN415", "object_repr": "SEN415 - Software Testing & Quality Assurance", "action_flag": 1, "change_message": "[{\"added\": {}}]"}}, {"model": "admin.logentry", "pk": 57, "fields": {"action_time": "2016-11-17T09:45:08.609Z", "user": 1, "content_type": 11, "object_id": "SEN416", "object_repr": "SEN416 - Software Design and Architecture", "action_flag": 1, "change_message": "[{\"added\": {}}]"}}, {"model": "admin.logentry", "pk": 58, "fields": {"action_time": "2016-11-17T09:46:02.649Z", "user": 1, "content_type": 11, "object_id": "SEN490", "object_repr": "SEN490 - Software Engineering Capstone Project", "action_flag": 1, "change_message": "[{\"added\": {}}]"}}, {"model": "admin.logentry", "pk": 59, "fields": {"action_time": "2016-11-17T09:46:49.977Z", "user": 1, "content_type": 11, "object_id": "STA101", "object_repr": "STA101 - Introduction to Statistics", "action_flag": 1, "change_message": "[{\"added\": {}}]"}}, {"model": "admin.logentry", "pk": 60, "fields": {"action_time": "2016-11-17T09:47:26.859Z", "user": 1, "content_type": 11, "object_id": "SEN405", "object_repr": "SEN405 - Software Requirement Analysis & Specification", "action_flag": 2, "change_message": "[{\"changed\": {\"fields\": [\"id\"]}}]"}}, {"model": "admin.logentry", "pk": 61, "fields": {"action_time": "2016-11-17T09:48:07.201Z", "user": 1, "content_type": 11, "object_id": "SEN400", "object_repr": "SEN400 - Software Engineering Professional Ethics", "action_flag": 2, "change_message": "[{\"changed\": {\"fields\": [\"course_title\"]}}]"}}, {"model": "admin.logentry", "pk": 62, "fields": {"action_time": "2016-11-22T17:01:09.985Z", "user": 1, "content_type": 18, "object_id": "1", "object_repr": "major_req object", "action_flag": 1, "change_message": "Added."}}, {"model": "admin.logentry", "pk": 63, "fields": {"action_time": "2016-11-22T17:02:26.109Z", "user": 1, "content_type": 18, "object_id": "2", "object_repr": "major_req object", "action_flag": 1, "change_message": "Added."}}, {"model": "admin.logentry", "pk": 64, "fields": {"action_time": "2016-11-22T17:02:41.531Z", "user": 1, "content_type": 18, "object_id": "3", "object_repr": "major_req object", "action_flag": 1, "change_message": "Added."}}, {"model": "admin.logentry", "pk": 65, "fields": {"action_time": "2016-11-22T17:03:27.889Z", "user": 1, "content_type": 18, "object_id": "4", "object_repr": "major_req object", "action_flag": 1, "change_message": "Added."}}, {"model": "admin.logentry", "pk": 66, "fields": {"action_time": "2016-11-22T17:03:48.157Z", "user": 1, "content_type": 18, "object_id": "5", "object_repr": "major_req object", "action_flag": 1, "change_message": "Added."}}, {"model": "admin.logentry", "pk": 67, "fields": {"action_time": "2016-11-22T17:04:04.924Z", "user": 1, "content_type": 18, "object_id": "6", "object_repr": "major_req object", "action_flag": 1, "change_message": "Added."}}, {"model": "admin.logentry", "pk": 68, "fields": {"action_time": "2016-11-22T17:04:24.581Z", "user": 1, "content_type": 18, "object_id": "7", "object_repr": "major_req object", "action_flag": 1, "change_message": "Added."}}, {"model": "admin.logentry", "pk": 69, "fields": {"action_time": "2016-11-22T17:05:14.740Z", "user": 1, "content_type": 18, "object_id": "8", "object_repr": "major_req object", "action_flag": 1, "change_message": "Added."}}, {"model": "admin.logentry", "pk": 70, "fields": {"action_time": "2016-11-22T17:05:35.107Z", "user": 1, "content_type": 18, "object_id": "9", "object_repr": "major_req object", "action_flag": 1, "change_message": "Added."}}, {"model": "admin.logentry", "pk": 71, "fields": {"action_time": "2016-11-22T17:06:06.150Z", "user": 1, "content_type": 18, "object_id": "10", "object_repr": "major_req object", "action_flag": 1, "change_message": "Added."}}, {"model": "admin.logentry", "pk": 72, "fields": {"action_time": "2016-11-22T17:06:18.342Z", "user": 1, "content_type": 18, "object_id": "11", "object_repr": "major_req object", "action_flag": 1, "change_message": "Added."}}, {"model": "admin.logentry", "pk": 73, "fields": {"action_time": "2016-11-22T17:06:33.771Z", "user": 1, "content_type": 18, "object_id": "12", "object_repr": "major_req object", "action_flag": 1, "change_message": "Added."}}, {"model": "admin.logentry", "pk": 74, "fields": {"action_time": "2016-11-22T17:06:48.800Z", "user": 1, "content_type": 18, "object_id": "13", "object_repr": "major_req object", "action_flag": 1, "change_message": "Added."}}, {"model": "admin.logentry", "pk": 75, "fields": {"action_time": "2016-11-22T17:07:04.507Z", "user": 1, "content_type": 18, "object_id": "14", "object_repr": "major_req object", "action_flag": 1, "change_message": "Added."}}, {"model": "admin.logentry", "pk": 76, "fields": {"action_time": "2016-11-22T17:07:15.238Z", "user": 1, "content_type": 18, "object_id": "15", "object_repr": "major_req object", "action_flag": 1, "change_message": "Added."}}, {"model": "admin.logentry", "pk": 77, "fields": {"action_time": "2016-11-22T17:07:26.696Z", "user": 1, "content_type": 18, "object_id": "16", "object_repr": "major_req object", "action_flag": 1, "change_message": "Added."}}, {"model": "admin.logentry", "pk": 78, "fields": {"action_time": "2016-11-22T17:07:38.183Z", "user": 1, "content_type": 18, "object_id": "17", "object_repr": "major_req object", "action_flag": 1, "change_message": "Added."}}, {"model": "admin.logentry", "pk": 79, "fields": {"action_time": "2016-11-22T17:07:57.544Z", "user": 1, "content_type": 18, "object_id": "18", "object_repr": "major_req object", "action_flag": 1, "change_message": "Added."}}, {"model": "admin.logentry", "pk": 80, "fields": {"action_time": "2016-11-22T17:08:12.268Z", "user": 1, "content_type": 18, "object_id": "19", "object_repr": "major_req object", "action_flag": 1, "change_message": "Added."}}, {"model": "admin.logentry", "pk": 81, "fields": {"action_time": "2016-11-24T19:09:56.936Z", "user": 1, "content_type": 3, "object_id": "24", "object_repr": "A00016117", "action_flag": 3, "change_message": ""}}, {"model": "admin.logentry", "pk": 82, "fields": {"action_time": "2016-11-24T19:09:57.067Z", "user": 1, "content_type": 3, "object_id": "22", "object_repr": "t345", "action_flag": 3, "change_message": ""}}, {"model": "admin.logentry", "pk": 83, "fields": {"action_time": "2016-11-24T20:06:13.007Z", "user": 1, "content_type": 8, "object_id": "3", "object_repr": "Telecommunications & Wireless - nil", "action_flag": 1, "change_message": "Added."}}, {"model": "admin.logentry", "pk": 84, "fields": {"action_time": "2016-11-24T20:48:55.992Z", "user": 1, "content_type": 19, "object_id": "1", "object_repr": "Computer Science - SITC", "action_flag": 3, "change_message": ""}}, {"model": "admin.logentry", "pk": 85, "fields": {"action_time": "2016-11-24T20:49:59.578Z", "user": 1, "content_type": 3, "object_id": "25", "object_repr": "A00016117", "action_flag": 3, "change_message": ""}}, {"model": "admin.logentry", "pk": 86, "fields": {"action_time": "2016-11-24T20:54:06.426Z", "user": 1, "content_type": 3, "object_id": "26", "object_repr": "A00016117", "action_flag": 3, "change_message": ""}}, {"model": "admin.logentry", "pk": 87, "fields": {"action_time": "2016-11-24T21:00:27.149Z", "user": 1, "content_type": 3, "object_id": "27", "object_repr": "A00016117", "action_flag": 3, "change_message": ""}}, {"model": "admin.logentry", "pk": 88, "fields": {"action_time": "2016-11-30T13:07:10.059Z", "user": 1, "content_type": 20, "object_id": "1", "object_repr": "Free_elective object", "action_flag": 1, "change_message": "[{\"added\": {}}]"}}, {"model": "admin.logentry", "pk": 89, "fields": {"action_time": "2016-11-30T13:07:23.136Z", "user": 1, "content_type": 20, "object_id": "2", "object_repr": "Free_elective object", "action_flag": 1, "change_message": "[{\"added\": {}}]"}}, {"model": "admin.logentry", "pk": 90, "fields": {"action_time": "2016-11-30T18:32:39.077Z", "user": 1, "content_type": 14, "object_id": "1", "object_repr": "Pre_req object", "action_flag": 1, "change_message": "[{\"added\": {}}]"}}, {"model": "admin.logentry", "pk": 91, "fields": {"action_time": "2016-11-30T18:58:36.604Z", "user": 1, "content_type": 18, "object_id": "20", "object_repr": "CIE111 - Computer Science - ", "action_flag": 1, "change_message": "[{\"added\": {}}]"}}, {"model": "admin.logentry", "pk": 92, "fields": {"action_time": "2016-11-30T18:59:15.023Z", "user": 1, "content_type": 18, "object_id": "20", "object_repr": "PHY205 - Computer Science - ", "action_flag": 2, "change_message": "[{\"changed\": {\"fields\": [\"course_id\"]}}]"}}, {"model": "admin.logentry", "pk": 93, "fields": {"action_time": "2016-11-30T18:59:37.243Z", "user": 1, "content_type": 18, "object_id": "21", "object_repr": "PHY206 - Computer Science - ", "action_flag": 1, "change_message": "[{\"added\": {}}]"}}, {"model": "admin.logentry", "pk": 94, "fields": {"action_time": "2016-11-30T18:59:54.550Z", "user": 1, "content_type": 18, "object_id": "21", "object_repr": "MAT210 - Computer Science - ", "action_flag": 2, "change_message": "[{\"changed\": {\"fields\": [\"course_id\"]}}]"}}, {"model": "admin.logentry", "pk": 95, "fields": {"action_time": "2016-11-30T19:00:03.666Z", "user": 1, "content_type": 18, "object_id": "21", "object_repr": "MAT211 - Computer Science - ", "action_flag": 2, "change_message": "[{\"changed\": {\"fields\": [\"course_id\"]}}]"}}, {"model": "admin.logentry", "pk": 96, "fields": {"action_time": "2016-11-30T19:00:16.028Z", "user": 1, "content_type": 18, "object_id": "21", "object_repr": "MAT312 - Computer Science - ", "action_flag": 2, "change_message": "[{\"changed\": {\"fields\": [\"course_id\"]}}]"}}, {"model": "admin.logentry", "pk": 97, "fields": {"action_time": "2016-11-30T19:00:31.469Z", "user": 1, "content_type": 18, "object_id": "21", "object_repr": "MAT112 - Computer Science - ", "action_flag": 2, "change_message": "[{\"changed\": {\"fields\": [\"course_id\"]}}]"}}, {"model": "admin.logentry", "pk": 98, "fields": {"action_time": "2016-11-30T19:00:44.784Z", "user": 1, "content_type": 18, "object_id": "21", "object_repr": "ECO101 - Computer Science - ", "action_flag": 2, "change_message": "[{\"changed\": {\"fields\": [\"course_id\"]}}]"}}, {"model": "admin.logentry", "pk": 99, "fields": {"action_time": "2016-11-30T19:01:44.229Z", "user": 1, "content_type": 18, "object_id": "22", "object_repr": "PHY206 - Computer Science - ", "action_flag": 1, "change_message": "[{\"added\": {}}]"}}, {"model": "admin.logentry", "pk": 100, "fields": {"action_time": "2016-11-30T19:01:59.640Z", "user": 1, "content_type": 18, "object_id": "23", "object_repr": "MAT112 - Computer Science - ", "action_flag": 1, "change_message": "[{\"added\": {}}]"}}, {"model": "admin.logentry", "pk": 101, "fields": {"action_time": "2016-11-30T19:02:15.806Z", "user": 1, "content_type": 18, "object_id": "24", "object_repr": "MAT210 - Computer Science - ", "action_flag": 1, "change_message": "[{\"added\": {}}]"}}, {"model": "admin.logentry", "pk": 102, "fields": {"action_time": "2016-11-30T19:02:28.869Z", "user": 1, "content_type": 18, "object_id": "25", "object_repr": "MAT211 - Computer Science - ", "action_flag": 1, "change_message": "[{\"added\": {}}]"}}, {"model": "admin.logentry", "pk": 103, "fields": {"action_time": "2016-11-30T19:02:58.659Z", "user": 1, "content_type": 18, "object_id": "26", "object_repr": "MAT312 - Computer Science - ", "action_flag": 1, "change_message": "[{\"added\": {}}]"}}, {"model": "admin.logentry", "pk": 104, "fields": {"action_time": "2016-11-30T19:03:37.983Z", "user": 1, "content_type": 18, "object_id": "27", "object_repr": "CIE111 - Computer Science - ", "action_flag": 1, "change_message": "[{\"added\": {}}]"}}, {"model": "admin.logentry", "pk": 105, "fields": {"action_time": "2016-11-30T19:04:25.730Z", "user": 1, "content_type": 14, "object_id": "1", "object_repr": "Pre_req object", "action_flag": 3, "change_message": ""}}, {"model": "admin.logentry", "pk": 106, "fields": {"action_time": "2016-11-30T19:11:53.393Z", "user": 1, "content_type": 14, "object_id": "1", "object_repr": "CIE111 - none - ", "action_flag": 1, "change_message": "[{\"added\": {}}]"}}, {"model": "admin.logentry", "pk": 107, "fields": {"action_time": "2016-11-30T19:22:08.613Z", "user": 1, "content_type": 14, "object_id": "2", "object_repr": "CIE105 - CIE111 - ", "action_flag": 1, "change_message": "[{\"added\": {}}]"}}, {"model": "admin.logentry", "pk": 108, "fields": {"action_time": "2016-11-30T19:23:17.844Z", "user": 1, "content_type": 14, "object_id": "3", "object_repr": "CIE106 - CIE105 - ", "action_flag": 1, "change_message": "[{\"added\": {}}]"}}, {"model": "admin.logentry", "pk": 109, "fields": {"action_time": "2016-11-30T19:24:26.421Z", "user": 1, "content_type": 14, "object_id": "4", "object_repr": "CSC213 - CIE105 - ", "action_flag": 1, "change_message": "[{\"added\": {}}]"}}, {"model": "admin.logentry", "pk": 110, "fields": {"action_time": "2016-11-30T19:25:58.346Z", "user": 1, "content_type": 14, "object_id": "5", "object_repr": "PHY205 - MAT210 - ", "action_flag": 1, "change_message": "[{\"added\": {}}]"}}, {"model": "admin.logentry", "pk": 111, "fields": {"action_time": "2016-11-30T19:26:32.712Z", "user": 1, "content_type": 14, "object_id": "6", "object_repr": "MAT211 - MAT210 - ", "action_flag": 1, "change_message": "[{\"added\": {}}]"}}, {"model": "admin.logentry", "pk": 112, "fields": {"action_time": "2016-11-30T19:27:14.541Z", "user": 1, "content_type": 14, "object_id": "7", "object_repr": "PHY206 - PHY205 - ", "action_flag": 1, "change_message": "[{\"added\": {}}]"}}, {"model": "admin.logentry", "pk": 113, "fields": {"action_time": "2016-11-30T19:27:47.330Z", "user": 1, "content_type": 14, "object_id": "8", "object_repr": "MAT210 - MAT112 - ", "action_flag": 1, "change_message": "[{\"added\": {}}]"}}, {"model": "admin.logentry", "pk": 114, "fields": {"action_time": "2016-11-30T19:28:16.811Z", "user": 1, "content_type": 14, "object_id": "9", "object_repr": "MAT312 - MAT312 - ", "action_flag": 1, "change_message": "[{\"added\": {}}]"}}, {"model": "admin.logentry", "pk": 115, "fields": {"action_time": "2016-11-30T19:28:56.020Z", "user": 1, "content_type": 14, "object_id": "10", "object_repr": "CSC202 - CIE106 - ", "action_flag": 1, "change_message": "[{\"added\": {}}]"}}, {"model": "admin.logentry", "pk": 116, "fields": {"action_time": "2016-11-30T19:29:22.350Z", "user": 1, "content_type": 14, "object_id": "11", "object_repr": "CSC214 - CSC213 - ", "action_flag": 1, "change_message": "[{\"added\": {}}]"}}, {"model": "admin.logentry", "pk": 117, "fields": {"action_time": "2016-11-30T19:29:54.707Z", "user": 1, "content_type": 14, "object_id": "12", "object_repr": "CIE231 - CIE106 - ", "action_flag": 1, "change_message": "[{\"added\": {}}]"}}, {"model": "admin.logentry", "pk": 118, "fields": {"action_time": "2016-11-30T19:30:46.376Z", "user": 1, "content_type": 14, "object_id": "13", "object_repr": "CSC364 - CSC202 - ", "action_flag": 1, "change_message": "[{\"added\": {}}]"}}, {"model": "admin.logentry", "pk": 119, "fields": {"action_time": "2016-11-30T19:31:31.831Z", "user": 1, "content_type": 14, "object_id": "14", "object_repr": "CIE302 - CIE106 - ", "action_flag": 1, "change_message": "[{\"added\": {}}]"}}, {"model": "admin.logentry", "pk": 120, "fields": {"action_time": "2016-11-30T19:32:17.524Z", "user": 1, "content_type": 14, "object_id": "15", "object_repr": "CSC385 - CSC202 - ", "action_flag": 1, "change_message": "[{\"added\": {}}]"}}, {"model": "admin.logentry", "pk": 121, "fields": {"action_time": "2016-11-30T19:33:15.386Z", "user": 1, "content_type": 14, "object_id": "16", "object_repr": "CSC232 - CIE105 - ", "action_flag": 1, "change_message": "[{\"added\": {}}]"}}, {"model": "admin.logentry", "pk": 122, "fields": {"action_time": "2016-11-30T19:33:57.568Z", "user": 1, "content_type": 14, "object_id": "17", "object_repr": "CIE302 - CIE106 - ", "action_flag": 1, "change_message": "[{\"added\": {}}]"}}, {"model": "admin.logentry", "pk": 123, "fields": {"action_time": "2016-11-30T19:36:29.968Z", "user": 1, "content_type": 14, "object_id": "18", "object_repr": "CSC301 - CIE106 - ", "action_flag": 1, "change_message": "[{\"added\": {}}]"}}, {"model": "admin.logentry", "pk": 124, "fields": {"action_time": "2016-11-30T19:37:35.710Z", "user": 1, "content_type": 14, "object_id": "19", "object_repr": "CSC364 - CSC202 - ", "action_flag": 1, "change_message": "[{\"added\": {}}]"}}, {"model": "admin.logentry", "pk": 125, "fields": {"action_time": "2016-11-30T19:38:37.951Z", "user": 1, "content_type": 14, "object_id": "20", "object_repr": "SEN406 - WRI102 - ", "action_flag": 1, "change_message": "[{\"added\": {}}]"}}, {"model": "admin.logentry", "pk": 126, "fields": {"action_time": "2016-11-30T19:40:08.061Z", "user": 1, "content_type": 14, "object_id": "21", "object_repr": "SEN301 - CIE231 - ", "action_flag": 1, "change_message": "[{\"added\": {}}]"}}, {"model": "admin.logentry", "pk": 127, "fields": {"action_time": "2016-11-30T19:41:45.320Z", "user": 1, "content_type": 14, "object_id": "22", "object_repr": "CSC306 - SEN301 - ", "action_flag": 1, "change_message": "[{\"added\": {}}]"}}, {"model": "admin.logentry", "pk": 128, "fields": {"action_time": "2016-11-30T19:42:39.501Z", "user": 1, "content_type": 14, "object_id": "23", "object_repr": "CSC407 - CIE106 - ", "action_flag": 1, "change_message": "[{\"added\": {}}]"}}, {"model": "admin.logentry", "pk": 129, "fields": {"action_time": "2016-11-30T19:43:34.909Z", "user": 1, "content_type": 14, "object_id": "24", "object_repr": "CSC490 - SEN406 - ", "action_flag": 1, "change_message": "[{\"added\": {}}]"}}, {"model": "admin.logentry", "pk": 130, "fields": {"action_time": "2016-11-30T19:44:42.731Z", "user": 1, "content_type": 14, "object_id": "25", "object_repr": "CSC434 - CSC407 - ", "action_flag": 1, "change_message": "[{\"added\": {}}]"}}, {"model": "admin.logentry", "pk": 131, "fields": {"action_time": "2016-11-30T19:45:08.342Z", "user": 1, "content_type": 14, "object_id": "26", "object_repr": "CSC456 - CIE106 - ", "action_flag": 1, "change_message": "[{\"added\": {}}]"}}, {"model": "admin.logentry", "pk": 132, "fields": {"action_time": "2016-11-30T19:45:44.861Z", "user": 1, "content_type": 14, "object_id": "27", "object_repr": "SEN400 - Jr-St - ", "action_flag": 1, "change_message": "[{\"added\": {}}]"}}, {"model": "admin.logentry", "pk": 133, "fields": {"action_time": "2016-11-30T19:46:54.914Z", "user": 1, "content_type": 18, "object_id": "28", "object_repr": "SEN406 - Computer Science - ", "action_flag": 1, "change_message": "[{\"added\": {}}]"}}, {"model": "admin.logentry", "pk": 134, "fields": {"action_time": "2016-11-30T19:47:14.668Z", "user": 1, "content_type": 18, "object_id": "29", "object_repr": "WRI101 - Computer Science - ", "action_flag": 1, "change_message": "[{\"added\": {}}]"}}, {"model": "admin.logentry", "pk": 135, "fields": {"action_time": "2016-11-30T19:47:30.294Z", "user": 1, "content_type": 18, "object_id": "30", "object_repr": "WRI102 - Computer Science - ", "action_flag": 1, "change_message": "[{\"added\": {}}]"}}, {"model": "admin.logentry", "pk": 136, "fields": {"action_time": "2016-11-30T19:48:43.660Z", "user": 1, "content_type": 18, "object_id": "16", "object_repr": "CSC456 - Computer Science - ", "action_flag": 2, "change_message": "[{\"changed\": {\"fields\": [\"course_id\", \"course_title\"]}}]"}}, {"model": "admin.logentry", "pk": 137, "fields": {"action_time": "2016-12-01T20:02:56.959Z", "user": 1, "content_type": 3, "object_id": "41", "object_repr": "A0000000002345", "action_flag": 3, "change_message": ""}}, {"model": "admin.logentry", "pk": 138, "fields": {"action_time": "2016-12-01T20:02:57.128Z", "user": 1, "content_type": 3, "object_id": "35", "object_repr": "A00012312", "action_flag": 3, "change_message": ""}}, {"model": "admin.logentry", "pk": 139, "fields": {"action_time": "2016-12-01T20:02:57.260Z", "user": 1, "content_type": 3, "object_id": "42", "object_repr": "A00015556", "action_flag": 3, "change_message": ""}}, {"model": "admin.logentry", "pk": 140, "fields": {"action_time": "2016-12-01T20:02:57.390Z", "user": 1, "content_type": 3, "object_id": "28", "object_repr": "A00016117", "action_flag": 3, "change_message": ""}}, {"model": "admin.logentry", "pk": 141, "fields": {"action_time": "2016-12-01T20:02:57.550Z", "user": 1, "content_type": 3, "object_id": "34", "object_repr": "A00016118", "action_flag": 3, "change_message": ""}}, {"model": "admin.logentry", "pk": 142, "fields": {"action_time": "2016-12-01T20:02:57.674Z", "user": 1, "content_type": 3, "object_id": "31", "object_repr": "A0001612345", "action_flag": 3, "change_message": ""}}, {"model": "admin.logentry", "pk": 143, "fields": {"action_time": "2016-12-01T20:02:57.750Z", "user": 1, "content_type": 3, "object_id": "39", "object_repr": "A00016688", "action_flag": 3, "change_message": ""}}, {"model": "admin.logentry", "pk": 144, "fields": {"action_time": "2016-12-01T20:02:57.871Z", "user": 1, "content_type": 3, "object_id": "36", "object_repr": "A00016778", "action_flag": 3, "change_message": ""}}, {"model": "admin.logentry", "pk": 145, "fields": {"action_time": "2016-12-01T20:02:58.027Z", "user": 1, "content_type": 3, "object_id": "32", "object_repr": "A0002436", "action_flag": 3, "change_message": ""}}, {"model": "admin.logentry", "pk": 146, "fields": {"action_time": "2016-12-01T20:02:58.179Z", "user": 1, "content_type": 3, "object_id": "30", "object_repr": "A0003537", "action_flag": 3, "change_message": ""}}, {"model": "admin.logentry", "pk": 147, "fields": {"action_time": "2016-12-01T20:02:58.327Z", "user": 1, "content_type": 3, "object_id": "37", "object_repr": "A00067778", "action_flag": 3, "change_message": ""}}, {"model": "admin.logentry", "pk": 148, "fields": {"action_time": "2016-12-01T20:02:58.471Z", "user": 1, "content_type": 3, "object_id": "29", "object_repr": "A0007378", "action_flag": 3, "change_message": ""}}, {"model": "admin.logentry", "pk": 149, "fields": {"action_time": "2016-12-01T20:02:58.603Z", "user": 1, "content_type": 3, "object_id": "38", "object_repr": "A0007485", "action_flag": 3, "change_message": ""}}, {"model": "admin.logentry", "pk": 150, "fields": {"action_time": "2016-12-01T20:02:58.735Z", "user": 1, "content_type": 3, "object_id": "40", "object_repr": "A000u8r8r", "action_flag": 3, "change_message": ""}}, {"model": "admin.logentry", "pk": 151, "fields": {"action_time": "2016-12-01T20:02:58.859Z", "user": 1, "content_type": 3, "object_id": "33", "object_repr": "A3646477", "action_flag": 3, "change_message": ""}}, {"model": "admin.logentry", "pk": 152, "fields": {"action_time": "2016-12-01T20:02:58.988Z", "user": 1, "content_type": 3, "object_id": "18", "object_repr": "idnumber", "action_flag": 3, "change_message": ""}}, {"model": "admin.logentry", "pk": 153, "fields": {"action_time": "2016-12-01T23:36:57.360Z", "user": 1, "content_type": 19, "object_id": "1", "object_repr": "Computer Science - SITC", "action_flag": 2, "change_message": "[{\"changed\": {\"fields\": [\"is_advisor\", \"is_student\"]}}]"}}, {"model": "admin.logentry", "pk": 154, "fields": {"action_time": "2016-12-02T08:28:13.692Z", "user": 1, "content_type": 15, "object_id": "1", "object_repr": "CIE111 - Spring_2016", "action_flag": 2, "change_message": "[{\"changed\": {\"fields\": [\"user\"]}}]"}}, {"model": "admin.logentry", "pk": 155, "fields": {"action_time": "2018-01-30T11:50:41.738Z", "user": 1, "content_type": 15, "object_id": "40", "object_repr": "CIE111 - Fall_2023", "action_flag": 3, "change_message": ""}}, {"model": "admin.logentry", "pk": 156, "fields": {"action_time": "2018-01-30T11:50:41.913Z", "user": 1, "content_type": 15, "object_id": "39", "object_repr": "CIE111 - Fall_2017", "action_flag": 3, "change_message": ""}}, {"model": "admin.logentry", "pk": 157, "fields": {"action_time": "2018-01-30T11:50:42.050Z", "user": 1, "content_type": 15, "object_id": "38", "object_repr": "CIE111 - Spring_2016", "action_flag": 3, "change_message": ""}}, {"model": "admin.logentry", "pk": 158, "fields": {"action_time": "2018-01-30T11:50:42.170Z", "user": 1, "content_type": 15, "object_id": "37", "object_repr": "CSC306 - Spring_2017", "action_flag": 3, "change_message": ""}}, {"model": "admin.logentry", "pk": 159, "fields": {"action_time": "2018-01-30T11:50:42.314Z", "user": 1, "content_type": 15, "object_id": "36", "object_repr": "CIE106 - Spring_2017", "action_flag": 3, "change_message": ""}}, {"model": "admin.logentry", "pk": 160, "fields": {"action_time": "2018-01-30T11:50:42.503Z", "user": 1, "content_type": 15, "object_id": "35", "object_repr": "CIE105 - Fall_2016", "action_flag": 3, "change_message": ""}}, {"model": "admin.logentry", "pk": 161, "fields": {"action_time": "2018-01-30T11:50:42.692Z", "user": 1, "content_type": 15, "object_id": "34", "object_repr": "CIE111 - Spring_2016", "action_flag": 3, "change_message": ""}}, {"model": "admin.logentry", "pk": 162, "fields": {"action_time": "2018-01-30T11:50:42.892Z", "user": 1, "content_type": 15, "object_id": "33", "object_repr": "CIE111 - Spring_2016", "action_flag": 3, "change_message": ""}}, {"model": "admin.logentry", "pk": 163, "fields": {"action_time": "2018-01-30T11:50:43.072Z", "user": 1, "content_type": 15, "object_id": "32", "object_repr": "CIE231 - Spring_2017", "action_flag": 3, "change_message": ""}}, {"model": "admin.logentry", "pk": 164, "fields": {"action_time": "2018-01-30T11:50:43.376Z", "user": 1, "content_type": 15, "object_id": "31", "object_repr": "CSC202 - Spring_2017", "action_flag": 3, "change_message": ""}}, {"model": "admin.logentry", "pk": 165, "fields": {"action_time": "2018-01-30T11:50:43.568Z", "user": 1, "content_type": 15, "object_id": "30", "object_repr": "CSC214 - Fall_2017", "action_flag": 3, "change_message": ""}}, {"model": "admin.logentry", "pk": 166, "fields": {"action_time": "2018-01-30T11:50:43.772Z", "user": 1, "content_type": 15, "object_id": "29", "object_repr": "MAT211 - Fall_2017", "action_flag": 3, "change_message": ""}}, {"model": "admin.logentry", "pk": 167, "fields": {"action_time": "2018-01-30T11:50:43.959Z", "user": 1, "content_type": 15, "object_id": "28", "object_repr": "CIE106 - Fall_2017", "action_flag": 3, "change_message": ""}}, {"model": "admin.logentry", "pk": 168, "fields": {"action_time": "2018-01-30T11:50:44.123Z", "user": 1, "content_type": 15, "object_id": "27", "object_repr": "CSC213 - Spring_2016", "action_flag": 3, "change_message": ""}}, {"model": "admin.logentry", "pk": 169, "fields": {"action_time": "2018-01-30T11:50:44.315Z", "user": 1, "content_type": 15, "object_id": "26", "object_repr": "WRI102 - Spring_2016", "action_flag": 3, "change_message": ""}}, {"model": "admin.logentry", "pk": 170, "fields": {"action_time": "2018-01-30T11:50:44.571Z", "user": 1, "content_type": 15, "object_id": "25", "object_repr": "MAT210 - Spring_2016", "action_flag": 3, "change_message": ""}}, {"model": "admin.logentry", "pk": 171, "fields": {"action_time": "2018-01-30T11:50:44.824Z", "user": 1, "content_type": 15, "object_id": "24", "object_repr": "CIE105 - Spring_2016", "action_flag": 3, "change_message": ""}}, {"model": "admin.logentry", "pk": 172, "fields": {"action_time": "2018-01-30T11:50:45.016Z", "user": 1, "content_type": 15, "object_id": "23", "object_repr": "ECO101 - Fall_2016", "action_flag": 3, "change_message": ""}}, {"model": "admin.logentry", "pk": 173, "fields": {"action_time": "2018-01-30T11:50:45.250Z", "user": 1, "content_type": 15, "object_id": "22", "object_repr": "WRI101 - Fall_2016", "action_flag": 3, "change_message": ""}}, {"model": "admin.logentry", "pk": 174, "fields": {"action_time": "2018-01-30T11:50:45.460Z", "user": 1, "content_type": 15, "object_id": "21", "object_repr": "MAT112 - Fall_2016", "action_flag": 3, "change_message": ""}}, {"model": "admin.logentry", "pk": 175, "fields": {"action_time": "2018-01-30T11:50:45.724Z", "user": 1, "content_type": 15, "object_id": "20", "object_repr": "CIE111 - Fall_2016", "action_flag": 3, "change_message": ""}}, {"model": "admin.logentry", "pk": 176, "fields": {"action_time": "2018-01-30T11:50:45.924Z", "user": 1, "content_type": 15, "object_id": "19", "object_repr": "CIE111 - Fall_2016", "action_flag": 3, "change_message": ""}}, {"model": "admin.logentry", "pk": 177, "fields": {"action_time": "2018-01-30T11:50:46.140Z", "user": 1, "content_type": 15, "object_id": "18", "object_repr": "CIE111 - Fall_2016", "action_flag": 3, "change_message": ""}}, {"model": "admin.logentry", "pk": 178, "fields": {"action_time": "2018-01-30T11:50:46.324Z", "user": 1, "content_type": 15, "object_id": "17", "object_repr": "CIE105 - Spring_2018", "action_flag": 3, "change_message": ""}}, {"model": "admin.logentry", "pk": 179, "fields": {"action_time": "2018-01-30T11:50:46.489Z", "user": 1, "content_type": 15, "object_id": "16", "object_repr": "CIE111 - Fall_2018", "action_flag": 3, "change_message": ""}}, {"model": "admin.logentry", "pk": 180, "fields": {"action_time": "2018-01-30T11:50:46.621Z", "user": 1, "content_type": 15, "object_id": "15", "object_repr": "CIE111 - Fall_2018", "action_flag": 3, "change_message": ""}}, {"model": "admin.logentry", "pk": 181, "fields": {"action_time": "2018-01-30T11:50:46.756Z", "user": 1, "content_type": 15, "object_id": "14", "object_repr": "CIE105 - Spring_2018", "action_flag": 3, "change_message": ""}}, {"model": "admin.logentry", "pk": 182, "fields": {"action_time": "2018-01-30T11:50:46.889Z", "user": 1, "content_type": 15, "object_id": "13", "object_repr": "CIE111 - Fall_2018", "action_flag": 3, "change_message": ""}}, {"model": "admin.logentry", "pk": 183, "fields": {"action_time": "2018-01-30T11:50:47.001Z", "user": 1, "content_type": 15, "object_id": "12", "object_repr": "CIE111 - Fall_2018", "action_flag": 3, "change_message": ""}}, {"model": "admin.logentry", "pk": 184, "fields": {"action_time": "2018-01-30T11:50:47.159Z", "user": 1, "content_type": 15, "object_id": "11", "object_repr": "CIE106 - Spring_2018", "action_flag": 3, "change_message": ""}}, {"model": "admin.logentry", "pk": 185, "fields": {"action_time": "2018-01-30T11:50:47.354Z", "user": 1, "content_type": 15, "object_id": "10", "object_repr": "CIE105 - Fall_2017", "action_flag": 3, "change_message": ""}}, {"model": "admin.logentry", "pk": 186, "fields": {"action_time": "2018-01-30T11:50:47.624Z", "user": 1, "content_type": 15, "object_id": "9", "object_repr": "CIE111 - Spring_2017", "action_flag": 3, "change_message": ""}}, {"model": "admin.logentry", "pk": 187, "fields": {"action_time": "2018-01-30T11:50:47.812Z", "user": 1, "content_type": 15, "object_id": "8", "object_repr": "CIE105 - Fall_2017", "action_flag": 3, "change_message": ""}}, {"model": "admin.logentry", "pk": 188, "fields": {"action_time": "2018-01-30T11:50:48.028Z", "user": 1, "content_type": 15, "object_id": "7", "object_repr": "CIE111 - Fall_2016", "action_flag": 3, "change_message": ""}}, {"model": "admin.logentry", "pk": 189, "fields": {"action_time": "2018-01-30T11:50:48.236Z", "user": 1, "content_type": 15, "object_id": "6", "object_repr": "CIE105 - Spring_2016", "action_flag": 3, "change_message": ""}}, {"model": "admin.logentry", "pk": 190, "fields": {"action_time": "2018-01-30T11:50:48.460Z", "user": 1, "content_type": 15, "object_id": "5", "object_repr": "CIE111 - Spring_2016", "action_flag": 3, "change_message": ""}}, {"model": "admin.logentry", "pk": 191, "fields": {"action_time": "2018-01-30T11:50:48.601Z", "user": 1, "content_type": 15, "object_id": "4", "object_repr": "CIE105 - Spring_2016", "action_flag": 3, "change_message": ""}}, {"model": "admin.logentry", "pk": 192, "fields": {"action_time": "2018-01-30T11:50:48.725Z", "user": 1, "content_type": 15, "object_id": "3", "object_repr": "CIE111 - Spring_2016", "action_flag": 3, "change_message": ""}}, {"model": "admin.logentry", "pk": 193, "fields": {"action_time": "2018-01-30T11:50:48.868Z", "user": 1, "content_type": 15, "object_id": "2", "object_repr": "CIE105 - Fall_2016", "action_flag": 3, "change_message": ""}}, {"model": "admin.logentry", "pk": 194, "fields": {"action_time": "2018-01-30T11:50:48.993Z", "user": 1, "content_type": 15, "object_id": "1", "object_repr": "CIE111 - Spring_2016", "action_flag": 3, "change_message": ""}}, {"model": "admin.logentry", "pk": 195, "fields": {"action_time": "2018-01-30T11:51:50.371Z", "user": 1, "content_type": 3, "object_id": "57", "object_repr": "987654321", "action_flag": 3, "change_message": ""}}, {"model": "admin.logentry", "pk": 196, "fields": {"action_time": "2018-01-30T11:51:50.516Z", "user": 1, "content_type": 3, "object_id": "56", "object_repr": "A00012234", "action_flag": 3, "change_message": ""}}, {"model": "admin.logentry", "pk": 197, "fields": {"action_time": "2018-01-30T11:51:50.651Z", "user": 1, "content_type": 3, "object_id": "44", "object_repr": "A00012344", "action_flag": 3, "change_message": ""}}, {"model": "admin.logentry", "pk": 198, "fields": {"action_time": "2018-01-30T11:51:50.783Z", "user": 1, "content_type": 3, "object_id": "50", "object_repr": "A000123441", "action_flag": 3, "change_message": ""}}, {"model": "admin.logentry", "pk": 199, "fields": {"action_time": "2018-01-30T11:51:50.884Z", "user": 1, "content_type": 3, "object_id": "51", "object_repr": "A00012345", "action_flag": 3, "change_message": ""}}, {"model": "admin.logentry", "pk": 200, "fields": {"action_time": "2018-01-30T11:51:50.988Z", "user": 1, "content_type": 3, "object_id": "45", "object_repr": "A00016117", "action_flag": 3, "change_message": ""}}, {"model": "admin.logentry", "pk": 201, "fields": {"action_time": "2018-01-30T11:51:51.084Z", "user": 1, "content_type": 3, "object_id": "47", "object_repr": "A000161177", "action_flag": 3, "change_message": ""}}, {"model": "admin.logentry", "pk": 202, "fields": {"action_time": "2018-01-30T11:51:51.184Z", "user": 1, "content_type": 3, "object_id": "48", "object_repr": "A00016217", "action_flag": 3, "change_message": ""}}, {"model": "admin.logentry", "pk": 203, "fields": {"action_time": "2018-01-30T11:51:51.296Z", "user": 1, "content_type": 3, "object_id": "49", "object_repr": "A00016677", "action_flag": 3, "change_message": ""}}, {"model": "admin.logentry", "pk": 204, "fields": {"action_time": "2018-01-30T11:51:51.396Z", "user": 1, "content_type": 3, "object_id": "46", "object_repr": "A00016688", "action_flag": 3, "change_message": ""}}, {"model": "admin.logentry", "pk": 205, "fields": {"action_time": "2018-01-30T11:51:51.496Z", "user": 1, "content_type": 3, "object_id": "52", "object_repr": "A00020007", "action_flag": 3, "change_message": ""}}, {"model": "admin.logentry", "pk": 206, "fields": {"action_time": "2018-01-30T11:51:51.597Z", "user": 1, "content_type": 3, "object_id": "53", "object_repr": "A00020008", "action_flag": 3, "change_message": ""}}, {"model": "admin.logentry", "pk": 207, "fields": {"action_time": "2018-01-30T11:51:51.701Z", "user": 1, "content_type": 3, "object_id": "54", "object_repr": "A927737", "action_flag": 3, "change_message": ""}}, {"model": "admin.logentry", "pk": 208, "fields": {"action_time": "2018-01-30T11:51:51.820Z", "user": 1, "content_type": 3, "object_id": "55", "object_repr": "A9277373", "action_flag": 3, "change_message": ""}}, {"model": "admin.logentry", "pk": 209, "fields": {"action_time": "2018-01-30T11:51:51.937Z", "user": 1, "content_type": 3, "object_id": "43", "object_repr": "jdjfjkf", "action_flag": 3, "change_message": ""}}, {"model": "admin.logentry", "pk": 210, "fields": {"action_time": "2018-02-07T12:00:32.259Z", "user": 1, "content_type": 11, "object_id": "STA101", "object_repr": "STA101 - Introduction to Statistics", "action_flag": 2, "change_message": "[{\"changed\": {\"fields\": [\"course_credit\"]}}]"}}, {"model": "admin.logentry", "pk": 211, "fields": {"action_time": "2018-02-07T12:00:40.158Z", "user": 1, "content_type": 11, "object_id": "SEN490", "object_repr": "SEN490 - Software Engineering Capstone Project", "action_flag": 2, "change_message": "[{\"changed\": {\"fields\": [\"course_credit\"]}}]"}}, {"model": "admin.logentry", "pk": 212, "fields": {"action_time": "2018-02-07T12:00:46.827Z", "user": 1, "content_type": 11, "object_id": "SEN416", "object_repr": "SEN416 - Software Design and Architecture", "action_flag": 2, "change_message": "[{\"changed\": {\"fields\": [\"course_credit\"]}}]"}}, {"model": "admin.logentry", "pk": 213, "fields": {"action_time": "2018-02-07T12:00:57.029Z", "user": 1, "content_type": 11, "object_id": "SEN415", "object_repr": "SEN415 - Software Testing & Quality Assurance", "action_flag": 2, "change_message": "[{\"changed\": {\"fields\": [\"course_credit\"]}}]"}}, {"model": "admin.logentry", "pk": 214, "fields": {"action_time": "2018-02-07T12:01:25.820Z", "user": 1, "content_type": 11, "object_id": "SEN415", "object_repr": "SEN415 - Software Testing & Quality Assurance", "action_flag": 2, "change_message": "[]"}}, {"model": "admin.logentry", "pk": 215, "fields": {"action_time": "2018-02-07T12:01:34.974Z", "user": 1, "content_type": 11, "object_id": "SEN406", "object_repr": "SEN406 - Technical Report Writing", "action_flag": 2, "change_message": "[{\"changed\": {\"fields\": [\"course_credit\"]}}]"}}, {"model": "admin.logentry", "pk": 216, "fields": {"action_time": "2018-02-07T12:01:40.550Z", "user": 1, "content_type": 11, "object_id": "SEN406", "object_repr": "SEN406 - Technical Report Writing", "action_flag": 2, "change_message": "[]"}}, {"model": "admin.logentry", "pk": 217, "fields": {"action_time": "2018-02-07T12:01:50.255Z", "user": 1, "content_type": 11, "object_id": "SEN405", "object_repr": "SEN405 - Software Requirement Analysis & Specification", "action_flag": 2, "change_message": "[{\"changed\": {\"fields\": [\"course_credit\"]}}]"}}, {"model": "admin.logentry", "pk": 218, "fields": {"action_time": "2018-02-07T12:01:55.749Z", "user": 1, "content_type": 11, "object_id": "SEN405", "object_repr": "SEN405 - Software Requirement Analysis & Specification", "action_flag": 2, "change_message": "[]"}}, {"model": "admin.logentry", "pk": 219, "fields": {"action_time": "2018-02-07T12:02:03.285Z", "user": 1, "content_type": 11, "object_id": "SEN400", "object_repr": "SEN400 - Software Engineering Professional Ethics", "action_flag": 2, "change_message": "[{\"changed\": {\"fields\": [\"course_credit\"]}}]"}}, {"model": "admin.logentry", "pk": 220, "fields": {"action_time": "2018-02-07T12:02:10.861Z", "user": 1, "content_type": 11, "object_id": "SEN312", "object_repr": "SEN312 - User Interface and Design", "action_flag": 2, "change_message": "[{\"changed\": {\"fields\": [\"course_credit\"]}}]"}}, {"model": "admin.logentry", "pk": 221, "fields": {"action_time": "2018-02-07T12:02:17.879Z", "user": 1, "content_type": 11, "object_id": "SEN312", "object_repr": "SEN312 - User Interface and Design", "action_flag": 2, "change_message": "[]"}}, {"model": "admin.logentry", "pk": 222, "fields": {"action_time": "2018-02-07T12:02:23.556Z", "user": 1, "content_type": 11, "object_id": "SEN312", "object_repr": "SEN312 - User Interface and Design", "action_flag": 2, "change_message": "[]"}}, {"model": "admin.logentry", "pk": 223, "fields": {"action_time": "2018-02-07T12:02:31.610Z", "user": 1, "content_type": 11, "object_id": "SEN306", "object_repr": "SEN306 - Object-Oriented Software Construction", "action_flag": 2, "change_message": "[{\"changed\": {\"fields\": [\"course_credit\"]}}]"}}, {"model": "admin.logentry", "pk": 224, "fields": {"action_time": "2018-02-07T12:02:38.989Z", "user": 1, "content_type": 11, "object_id": "SEN306", "object_repr": "SEN306 - Object-Oriented Software Construction", "action_flag": 2, "change_message": "[]"}}, {"model": "admin.logentry", "pk": 225, "fields": {"action_time": "2018-02-07T12:02:47.296Z", "user": 1, "content_type": 11, "object_id": "SEN301", "object_repr": "SEN301 - Introduction to Software Engineering", "action_flag": 2, "change_message": "[{\"changed\": {\"fields\": [\"course_credit\"]}}]"}}, {"model": "admin.logentry", "pk": 226, "fields": {"action_time": "2018-02-07T12:02:55.508Z", "user": 1, "content_type": 11, "object_id": "PHY132", "object_repr": "PHY132 - Collage Physics 11", "action_flag": 2, "change_message": "[{\"changed\": {\"fields\": [\"course_credit\"]}}]"}}, {"model": "admin.logentry", "pk": 227, "fields": {"action_time": "2018-02-07T12:03:06.062Z", "user": 1, "content_type": 11, "object_id": "PHY131", "object_repr": "PHY131 - Collage Physics 1", "action_flag": 2, "change_message": "[{\"changed\": {\"fields\": [\"course_credit\"]}}]"}}, {"model": "admin.logentry", "pk": 228, "fields": {"action_time": "2018-02-07T12:03:15.055Z", "user": 1, "content_type": 11, "object_id": "MAT312", "object_repr": "MAT312 - Linear Algebra", "action_flag": 2, "change_message": "[{\"changed\": {\"fields\": [\"course_credit\"]}}]"}}, {"model": "admin.logentry", "pk": 229, "fields": {"action_time": "2018-02-07T12:03:25.022Z", "user": 1, "content_type": 11, "object_id": "MAT211", "object_repr": "MAT211 - Calculus 11", "action_flag": 2, "change_message": "[{\"changed\": {\"fields\": [\"course_credit\"]}}]"}}, {"model": "admin.logentry", "pk": 230, "fields": {"action_time": "2018-02-07T12:03:34.908Z", "user": 1, "content_type": 11, "object_id": "MAT210", "object_repr": "MAT210 - Calculus 1", "action_flag": 2, "change_message": "[{\"changed\": {\"fields\": [\"course_credit\"]}}]"}}, {"model": "admin.logentry", "pk": 231, "fields": {"action_time": "2018-02-07T12:03:45.092Z", "user": 1, "content_type": 11, "object_id": "ECO210", "object_repr": "ECO210 - Introduction to Microeconomics", "action_flag": 2, "change_message": "[{\"changed\": {\"fields\": [\"course_credit\"]}}]"}}, {"model": "admin.logentry", "pk": 232, "fields": {"action_time": "2018-02-07T12:03:55.734Z", "user": 1, "content_type": 11, "object_id": "ECO101", "object_repr": "ECO101 - Introduction to Economics", "action_flag": 2, "change_message": "[{\"changed\": {\"fields\": [\"course_credit\"]}}]"}}, {"model": "admin.logentry", "pk": 233, "fields": {"action_time": "2018-02-07T12:04:21.603Z", "user": 1, "content_type": 11, "object_id": "CIE105", "object_repr": "CIE105 - Principle of Programming I", "action_flag": 2, "change_message": "[{\"changed\": {\"fields\": [\"course_credit\"]}}]"}}, {"model": "admin.logentry", "pk": 234, "fields": {"action_time": "2018-02-07T12:05:14.285Z", "user": 1, "content_type": 11, "object_id": "CIE111", "object_repr": "CIE111 - nill", "action_flag": 1, "change_message": "[{\"added\": {}}]"}}, {"model": "admin.logentry", "pk": 235, "fields": {"action_time": "2018-02-07T12:08:38.058Z", "user": 1, "content_type": 11, "object_id": "CIE106", "object_repr": "CIE106 - Principle of Programming II", "action_flag": 2, "change_message": "[{\"changed\": {\"fields\": [\"course_credit\"]}}]"}}, {"model": "admin.logentry", "pk": 236, "fields": {"action_time": "2018-02-07T12:38:41.384Z", "user": 1, "content_type": 11, "object_id": "CIE105", "object_repr": "CIE105 - Principle of Programming I", "action_flag": 2, "change_message": "[]"}}, {"model": "admin.logentry", "pk": 237, "fields": {"action_time": "2018-02-07T12:38:50.035Z", "user": 1, "content_type": 11, "object_id": "CIE106", "object_repr": "CIE106 - Principle of Programming II", "action_flag": 2, "change_message": "[]"}}, {"model": "admin.logentry", "pk": 238, "fields": {"action_time": "2018-02-07T12:39:00.223Z", "user": 1, "content_type": 11, "object_id": "CIE231", "object_repr": "CIE231 - Introduction to Database, Web Technologies & App", "action_flag": 2, "change_message": "[{\"changed\": {\"fields\": [\"course_credit\"]}}]"}}, {"model": "admin.logentry", "pk": 239, "fields": {"action_time": "2018-02-07T12:39:15.722Z", "user": 1, "content_type": 11, "object_id": "CIE302", "object_repr": "CIE302 - Principle of Operating Systems", "action_flag": 2, "change_message": "[{\"changed\": {\"fields\": [\"course_credit\"]}}]"}}, {"model": "admin.logentry", "pk": 240, "fields": {"action_time": "2018-02-07T12:39:24.529Z", "user": 1, "content_type": 11, "object_id": "CIE302", "object_repr": "CIE302 - Principle of Operating Systems", "action_flag": 2, "change_message": "[]"}}, {"model": "admin.logentry", "pk": 241, "fields": {"action_time": "2018-02-07T12:39:33.928Z", "user": 1, "content_type": 11, "object_id": "CIE321", "object_repr": "CIE321 - IT Project Management", "action_flag": 2, "change_message": "[{\"changed\": {\"fields\": [\"course_credit\"]}}]"}}, {"model": "admin.logentry", "pk": 242, "fields": {"action_time": "2018-02-07T12:39:43.155Z", "user": 1, "content_type": 11, "object_id": "CSC202", "object_repr": "CSC202 - Data Structure and Algorithms", "action_flag": 2, "change_message": "[{\"changed\": {\"fields\": [\"course_credit\"]}}]"}}, {"model": "admin.logentry", "pk": 243, "fields": {"action_time": "2018-02-07T12:39:51.348Z", "user": 1, "content_type": 11, "object_id": "CSC202", "object_repr": "CSC202 - Data Structure and Algorithms", "action_flag": 2, "change_message": "[]"}}, {"model": "admin.logentry", "pk": 244, "fields": {"action_time": "2018-02-07T12:40:00.224Z", "user": 1, "content_type": 11, "object_id": "CSC214", "object_repr": "CSC214 - Logic in Computer Science", "action_flag": 2, "change_message": "[{\"changed\": {\"fields\": [\"course_credit\"]}}]"}}, {"model": "admin.logentry", "pk": 245, "fields": {"action_time": "2018-02-07T12:40:10.931Z", "user": 1, "content_type": 11, "object_id": "CSC384", "object_repr": "CSC384 - Principle of Database Systems", "action_flag": 2, "change_message": "[{\"changed\": {\"fields\": [\"course_credit\"]}}]"}}, {"model": "admin.logentry", "pk": 246, "fields": {"action_time": "2018-02-07T12:40:42.979Z", "user": 1, "content_type": 11, "object_id": "CSC213", "object_repr": "CSC213 - Discrete Structures & Algorithms", "action_flag": 2, "change_message": "[{\"changed\": {\"fields\": [\"course_credit\"]}}]"}}, {"model": "admin.logentry", "pk": 247, "fields": {"action_time": "2018-02-07T12:43:38.680Z", "user": 1, "content_type": 11, "object_id": "CIE111", "object_repr": "CIE111 - Introduction to Computers and Computing", "action_flag": 2, "change_message": "[{\"changed\": {\"fields\": [\"course_title\"]}}]"}}]